#CHROM	POS	NUM_SAMPLES
NC_091548.1	1681212	3
NC_091548.1	1681213	3
NC_091548.1	1681214	3
NC_091548.1	1681215	3
NC_091548.1	1681216	3
NC_091548.1	1681217	3
NC_091548.1	1681218	3
NC_091548.1	1681219	3
NC_091548.1	1681220	3
NC_091548.1	1681221	3
NC_091548.1	1681222	3
NC_091548.1	1681223	3
NC_091548.1	1681224	3
NC_091548.1	1681225	3
NC_091548.1	1681226	3
NC_091548.1	1681227	3
NC_091548.1	1681228	3
NC_091548.1	1681229	3
NC_091548.1	1681230	3
NC_091548.1	1681231	3
NC_091548.1	1681232	3
NC_091548.1	1681233	3
NC_091548.1	1681234	3
NC_091548.1	1681235	3
NC_091548.1	1681236	3
NC_091548.1	1681237	3
NC_091548.1	1681238	3
NC_091548.1	1681239	3
NC_091548.1	1681240	3
NC_091548.1	1681241	3
NC_091548.1	1681242	3
NC_091548.1	1681243	3
NC_091548.1	1681244	3
NC_091548.1	1681245	3
NC_091548.1	1681246	3
NC_091548.1	1681247	3
NC_091548.1	1681248	3
NC_091548.1	1681249	3
NC_091548.1	1681251	3
NC_091548.1	1681252	3
NC_091548.1	1681253	3
NC_091548.1	1681254	3
NC_091548.1	1681255	3
NC_091548.1	1681256	3
NC_091548.1	1681257	3
NC_091548.1	1681258	3
NC_091548.1	1681259	3
NC_091548.1	1681260	3
NC_091548.1	1681261	3
NC_091548.1	1681262	3
NC_091548.1	1681263	3
NC_091548.1	1681264	3
NC_091548.1	1681265	3
NC_091548.1	1681266	3
NC_091548.1	1681267	3
NC_091548.1	1681268	3
NC_091548.1	1681269	3
NC_091548.1	1681270	3
NC_091548.1	1681271	3
NC_091548.1	1681272	3
NC_091548.1	1681273	3
NC_091548.1	1681274	3
NC_091548.1	1681275	3
NC_091548.1	1681276	3
NC_091548.1	1681277	3
NC_091548.1	1681278	3
NC_091548.1	1681279	3
NC_091548.1	1681280	3
NC_091548.1	1681281	3
NC_091548.1	1681282	3
NC_091548.1	1681283	3
NC_091548.1	1681284	3
NC_091548.1	1681285	3
NC_091548.1	1681286	3
NC_091548.1	1681287	3
NC_091548.1	1681288	3
NC_091548.1	1681289	3
NC_091548.1	1681290	3
NC_091548.1	1681291	3
NC_091548.1	1681292	3
NC_091548.1	1681293	3
NC_091548.1	1681294	3
NC_091548.1	1681295	3
NC_091548.1	1681296	3
NC_091548.1	1681297	3
NC_091548.1	1681298	3
NC_091548.1	1681299	3
NC_091548.1	1681300	3
NC_091548.1	1681301	3
NC_091548.1	1681302	3
NC_091548.1	1681303	3
NC_091548.1	1681304	3
NC_091548.1	1681305	3
NC_091548.1	1681306	3
NC_091548.1	1681307	3
NC_091548.1	1681308	3
NC_091548.1	1681309	3
NC_091548.1	1681310	3
NC_091548.1	1681311	3
NC_091548.1	1681312	3
NC_091548.1	1681313	3
NC_091548.1	1681314	3
NC_091548.1	1681315	3
NC_091548.1	1681316	3
NC_091548.1	1681317	3
NC_091548.1	1681318	3
NC_091548.1	1681319	3
NC_091548.1	1681320	3
NC_091548.1	1681321	3
NC_091548.1	1681322	3
NC_091548.1	1681323	3
NC_091548.1	1681324	3
NC_091548.1	1681325	3
NC_091548.1	1681326	3
NC_091548.1	1681327	3
NC_091548.1	1681328	3
NC_091548.1	1681329	3
NC_091548.1	1681330	3
NC_091548.1	1681331	3
NC_091548.1	1681332	3
NC_091548.1	1681333	3
NC_091548.1	1681334	3
NC_091548.1	1681335	3
NC_091548.1	1681336	3
NC_091548.1	1681337	3
NC_091548.1	1681338	3
NC_091548.1	1681339	3
NC_091548.1	1681340	3
NC_091548.1	1681341	3
NC_091548.1	1681342	3
NC_091548.1	1681343	3
NC_091548.1	1681344	3
NC_091548.1	1681345	3
NC_091548.1	1681346	3
NC_091548.1	1681347	3
NC_091548.1	1681348	3
NC_091548.1	1681349	3
NC_091548.1	1681350	3
NC_091548.1	1681351	3
NC_091548.1	1681352	3
NC_091548.1	1681353	3
NC_091548.1	1681354	3
NC_091548.1	1681355	3
NC_091548.1	1681356	3
NC_091548.1	1681357	3
NC_091548.1	1681358	3
NC_091548.1	1681359	3
NC_091548.1	1681360	3
NC_091548.1	1681361	3
NC_091548.1	1681362	3
NC_091548.1	1681363	3
NC_091548.1	1681364	3
NC_091548.1	1681365	3
NC_091548.1	1681366	3
NC_091548.1	1681367	3
NC_091548.1	1681368	3
NC_091548.1	1681369	3
NC_091548.1	1681370	3
NC_091548.1	1681371	3
NC_091548.1	1681372	3
NC_091548.1	1681373	3
NC_091548.1	1681374	3
NC_091548.1	1681375	3
NC_091548.1	1681376	3
NC_091548.1	1681377	3
NC_091548.1	1681378	3
NC_091548.1	1681379	3
NC_091548.1	1681380	3
NC_091548.1	1681381	3
NC_091548.1	1681382	3
NC_091548.1	1681383	3
NC_091548.1	1681384	3
NC_091548.1	1681385	3
NC_091548.1	1681386	3
NC_091548.1	1681387	3
NC_091548.1	1681388	3
NC_091548.1	1681389	3
NC_091548.1	1681390	3
NC_091548.1	1681391	3
NC_091548.1	1681392	3
NC_091548.1	1681393	3
NC_091548.1	1681394	3
NC_091548.1	1681395	3
NC_091548.1	1681396	3
NC_091548.1	1681397	3
NC_091548.1	1681398	3
NC_091548.1	1681399	3
NC_091548.1	1681400	3
NC_091548.1	1681401	3
NC_091548.1	1681402	3
NC_091548.1	1681403	3
NC_091548.1	1681404	3
NC_091548.1	1681405	3
NC_091548.1	1681406	3
NC_091548.1	1681407	3
NC_091548.1	1681408	3
NC_091548.1	1681409	3
NC_091548.1	1681410	3
NC_091548.1	1681411	3
NC_091548.1	1681412	3
NC_091548.1	1681413	3
NC_091548.1	1681414	3
NC_091548.1	1681415	3
NC_091548.1	1681416	3
NC_091548.1	1681417	3
NC_091548.1	1681418	3
NC_091548.1	1681419	3
NC_091548.1	1681420	3
NC_091548.1	1681421	3
NC_091548.1	1681422	3
NC_091548.1	1681423	3
NC_091548.1	1681424	3
NC_091548.1	1681425	3
NC_091548.1	1681426	3
NC_091548.1	1681427	3
NC_091548.1	1681428	3
NC_091548.1	1681429	3
NC_091548.1	1681430	3
NC_091548.1	1681431	3
NC_091548.1	1681432	3
NC_091548.1	1681433	3
NC_091548.1	1681434	3
NC_091548.1	1681435	3
NC_091548.1	1681436	3
NC_091548.1	1681437	3
NC_091548.1	1681438	3
NC_091548.1	1681439	3
NC_091548.1	1681440	3
NC_091548.1	1681441	3
NC_091548.1	1681442	3
NC_091548.1	1681443	3
NC_091548.1	1681444	3
NC_091548.1	1681445	3
NC_091548.1	1681446	3
NC_091548.1	1681447	3
NC_091548.1	1681448	3
NC_091548.1	1681449	3
NC_091548.1	1681450	3
NC_091548.1	1681451	3
NC_091548.1	1681452	3
NC_091548.1	1681453	3
NC_091548.1	1681454	3
NC_091548.1	1681455	3
NC_091548.1	1681456	3
NC_091548.1	1681457	3
NC_091548.1	1681458	3
NC_091548.1	1681459	3
NC_091548.1	1681460	3
NC_091548.1	1681461	3
NC_091548.1	1681462	3
NC_091548.1	1681463	3
NC_091548.1	1681464	3
NC_091548.1	1681465	3
NC_091548.1	1681466	3
NC_091548.1	1681467	3
NC_091548.1	1681468	3
NC_091548.1	1681469	3
NC_091548.1	1681470	3
NC_091548.1	1681471	3
NC_091548.1	1681472	3
NC_091548.1	1681473	3
NC_091548.1	1681474	3
NC_091548.1	1681475	3
NC_091548.1	1681476	3
NC_091548.1	1681477	3
NC_091548.1	1681478	3
NC_091548.1	1681479	3
NC_091548.1	1681480	3
NC_091548.1	1681481	3
NC_091548.1	1681482	3
NC_091548.1	1681483	3
NC_091548.1	1681484	3
NC_091548.1	1681485	3
NC_091548.1	1681486	3
NC_091548.1	1681487	3
NC_091548.1	1681488	3
NC_091548.1	1681489	3
NC_091548.1	1681490	3
NC_091548.1	1681491	3
NC_091548.1	1681492	3
NC_091548.1	1681493	3
NC_091548.1	1681494	3
NC_091548.1	1681495	3
NC_091548.1	1681496	3
NC_091548.1	1681497	3
NC_091548.1	1681498	3
NC_091548.1	1681499	3
NC_091548.1	1681500	3
NC_091548.1	1681501	3
NC_091548.1	1681502	3
NC_091548.1	1681503	3
NC_091548.1	1681504	3
NC_091548.1	1681505	3
NC_091548.1	1681507	3
NC_091548.1	1681508	3
NC_091548.1	1681509	3
NC_091548.1	1681510	3
NC_091548.1	1681511	3
NC_091548.1	1681512	3
NC_091548.1	1681513	3
NC_091548.1	1681514	3
NC_091548.1	1681515	3
NC_091548.1	1681516	3
NC_091548.1	1681517	3
NC_091548.1	1681518	3
NC_091548.1	1681519	3
NC_091548.1	1681520	3
NC_091548.1	1681521	3
NC_091548.1	1681522	3
NC_091548.1	1681523	3
NC_091548.1	1681524	3
NC_091548.1	1681525	3
NC_091548.1	1681526	3
NC_091548.1	1681527	3
NC_091548.1	1681528	3
NC_091548.1	1681529	3
NC_091548.1	1681530	3
NC_091548.1	1681531	3
NC_091548.1	1681532	3
NC_091548.1	1681533	3
NC_091548.1	1681534	3
NC_091548.1	1681535	3
NC_091548.1	1681536	3
NC_091548.1	1681537	3
NC_091548.1	1681538	3
NC_091548.1	1681539	3
NC_091548.1	1681540	3
NC_091548.1	1681541	3
NC_091548.1	1681542	3
NC_091548.1	1681543	3
NC_091548.1	1681544	3
NC_091548.1	1681545	3
NC_091548.1	1681546	3
NC_091548.1	1681547	3
NC_091548.1	1681548	3
NC_091548.1	1681549	3
NC_091548.1	1681550	3
NC_091548.1	1681551	3
NC_091548.1	1681552	3
NC_091548.1	1681553	3
NC_091548.1	1681554	3
NC_091548.1	1681555	3
NC_091548.1	1681556	3
NC_091548.1	1681557	3
NC_091548.1	1681558	3
NC_091548.1	1681559	3
NC_091548.1	1681560	3
NC_091548.1	1681561	3
NC_091548.1	1681562	3
NC_091548.1	1681563	3
NC_091548.1	1681564	3
NC_091548.1	1681565	3
NC_091548.1	1681566	3
NC_091548.1	1681567	3
NC_091548.1	1681568	3
NC_091548.1	1681569	3
NC_091548.1	1681570	3
NC_091548.1	1681571	3
NC_091548.1	1681572	3
NC_091548.1	1681573	3
NC_091548.1	1681574	3
NC_091548.1	1681575	3
NC_091548.1	1681576	3
NC_091548.1	1681577	3
NC_091548.1	1681578	3
NC_091548.1	1681579	3
NC_091548.1	1681580	3
NC_091548.1	1681581	3
NC_091548.1	1681582	3
NC_091548.1	1681583	3
NC_091548.1	1681584	3
NC_091548.1	1681585	3
NC_091548.1	1681586	3
NC_091548.1	1681587	3
NC_091548.1	1681588	3
NC_091548.1	1681589	3
NC_091548.1	1681590	3
NC_091548.1	1681591	3
NC_091548.1	1681592	3
NC_091548.1	1681593	3
NC_091548.1	1681594	3
NC_091548.1	1681595	3
NC_091548.1	1681596	3
NC_091548.1	1681597	3
NC_091548.1	1681598	3
NC_091548.1	1681599	3
NC_091548.1	1681600	3
NC_091548.1	1681601	3
NC_091548.1	1681602	3
NC_091548.1	1681603	3
NC_091548.1	1681604	3
NC_091548.1	1681605	3
NC_091548.1	1681606	3
NC_091548.1	1681607	3
NC_091548.1	1681608	3
NC_091548.1	1681609	3
NC_091548.1	1681610	3
NC_091548.1	1681611	3
NC_091548.1	1681612	3
NC_091548.1	1681613	3
NC_091548.1	1681614	3
NC_091548.1	1681615	3
NC_091548.1	1681616	3
NC_091548.1	1681617	3
NC_091548.1	1681618	3
NC_091548.1	1681619	3
NC_091548.1	1681620	3
NC_091548.1	1681621	3
NC_091548.1	1681622	3
NC_091548.1	1681623	3
NC_091548.1	1681624	3
NC_091548.1	1681625	3
NC_091548.1	1681626	3
NC_091548.1	1681627	3
NC_091548.1	1681628	3
NC_091548.1	1681629	3
NC_091548.1	1681630	3
NC_091548.1	1681631	3
NC_091548.1	1681632	3
NC_091548.1	1681633	3
NC_091548.1	1681634	3
NC_091548.1	1681635	3
NC_091548.1	1681636	3
NC_091548.1	1681637	3
NC_091548.1	1681638	3
NC_091548.1	1681639	3
NC_091548.1	1681640	3
NC_091548.1	1681641	3
NC_091548.1	1681642	3
NC_091548.1	1681643	3
NC_091548.1	1681644	3
NC_091548.1	1681645	3
NC_091548.1	1681646	3
NC_091548.1	1681647	3
NC_091548.1	1681648	3
NC_091548.1	1681649	3
NC_091548.1	1681650	3
NC_091548.1	1681651	3
NC_091548.1	1681652	3
NC_091548.1	1681653	3
NC_091548.1	1681654	3
NC_091548.1	1681655	3
NC_091548.1	1681656	3
NC_091548.1	1681657	3
NC_091548.1	1681658	3
NC_091548.1	1681659	3
NC_091548.1	1681660	3
NC_091548.1	1681661	3
NC_091548.1	1681662	3
NC_091548.1	1681663	3
NC_091548.1	1681664	3
NC_091548.1	1681665	3
NC_091548.1	1681666	3
NC_091548.1	1681667	3
NC_091548.1	1681668	3
NC_091548.1	1681669	3
NC_091548.1	1681670	3
NC_091548.1	1681671	3
NC_091548.1	1681672	3
NC_091548.1	1681673	3
NC_091548.1	1681674	3
NC_091548.1	1681675	3
NC_091548.1	1681676	3
NC_091548.1	1681677	3
NC_091548.1	1681678	3
NC_091548.1	1681679	3
NC_091548.1	1681680	3
NC_091548.1	1681681	3
NC_091548.1	1681682	3
NC_091548.1	1681683	3
NC_091548.1	1681684	3
NC_091548.1	1681685	3
NC_091548.1	1681686	3
NC_091548.1	1681687	3
NC_091548.1	1681688	3
NC_091548.1	1681689	3
NC_091548.1	1681690	3
NC_091548.1	1681691	3
NC_091548.1	1681692	3
NC_091548.1	1681693	3
NC_091548.1	1681694	3
NC_091548.1	1681695	3
NC_091548.1	1681696	3
NC_091548.1	1681697	3
NC_091548.1	1681698	3
NC_091548.1	1681699	3
NC_091548.1	1681700	3
NC_091548.1	1681701	3
NC_091548.1	1681702	3
NC_091548.1	1681703	3
NC_091548.1	1681704	3
NC_091548.1	1681705	3
NC_091548.1	1681706	3
NC_091548.1	1681707	3
NC_091548.1	1681708	3
NC_091548.1	1681709	3
NC_091548.1	1681710	3
NC_091548.1	1681711	3
NC_091548.1	1681712	3
NC_091548.1	1681713	3
NC_091548.1	1681714	3
NC_091548.1	1681715	3
NC_091548.1	1681716	3
NC_091548.1	1681717	3
NC_091548.1	1681718	3
NC_091548.1	1681719	3
NC_091548.1	1681720	3
NC_091548.1	1681721	3
NC_091548.1	1681722	3
NC_091548.1	1681723	3
NC_091548.1	1681724	3
NC_091548.1	1681725	3
NC_091548.1	1681726	3
NC_091548.1	1681727	3
NC_091548.1	1681728	3
NC_091548.1	1681729	3
NC_091548.1	1681730	3
NC_091548.1	1681731	3
NC_091548.1	1681732	3
NC_091548.1	1681733	3
NC_091548.1	1681734	3
NC_091548.1	1681735	3
NC_091548.1	1681736	3
NC_091548.1	1681737	3
NC_091548.1	1681738	3
NC_091548.1	1681739	3
NC_091548.1	1681740	3
NC_091548.1	1681741	3
NC_091548.1	1681742	3
NC_091548.1	1681743	3
NC_091548.1	1681744	3
NC_091548.1	1681745	3
NC_091548.1	1681746	3
NC_091548.1	1681747	3
NC_091548.1	1681748	3
NC_091548.1	1681749	3
NC_091548.1	1681750	3
NC_091548.1	1681751	3
NC_091548.1	1681752	3
NC_091548.1	1681753	3
NC_091548.1	1681754	3
NC_091548.1	1681755	3
NC_091548.1	1681756	3
NC_091548.1	1681757	3
NC_091548.1	1681758	3
NC_091548.1	1681759	3
NC_091548.1	1681760	3
NC_091548.1	1681761	3
NC_091548.1	1681762	3
NC_091548.1	1681763	3
NC_091548.1	1681764	3
NC_091548.1	1681765	3
NC_091548.1	1681766	3
NC_091548.1	1681767	3
NC_091548.1	1681768	3
NC_091548.1	1681769	3
NC_091548.1	1681770	3
NC_091548.1	1681771	3
NC_091548.1	1681772	3
NC_091548.1	1681773	3
NC_091548.1	1681774	3
NC_091548.1	1681775	3
NC_091548.1	1681776	3
NC_091548.1	1681777	3
NC_091548.1	1681778	3
NC_091548.1	1681779	3
NC_091548.1	1681780	3
NC_091548.1	1681781	3
NC_091548.1	1681782	3
NC_091548.1	1681783	3
NC_091548.1	1681784	3
NC_091548.1	1681785	3
NC_091548.1	1681786	3
NC_091548.1	1681787	3
NC_091548.1	1681788	3
NC_091548.1	1681789	3
NC_091548.1	1681790	3
NC_091548.1	1681791	3
NC_091548.1	1681792	3
NC_091548.1	1681793	3
NC_091548.1	1681794	3
NC_091548.1	1681795	3
NC_091548.1	1681796	3
NC_091548.1	1681797	3
NC_091548.1	1681798	3
NC_091548.1	1681799	3
NC_091548.1	1681800	3
NC_091548.1	1681801	3
NC_091548.1	1681802	3
NC_091548.1	1681803	3
NC_091548.1	1681804	3
NC_091548.1	1681805	3
NC_091548.1	1681806	3
NC_091548.1	1681807	3
NC_091548.1	1681808	3
NC_091548.1	1681809	3
NC_091548.1	1681810	3
NC_091548.1	1681811	3
NC_091548.1	1681812	3
NC_091548.1	1681813	3
NC_091548.1	1681814	3
NC_091548.1	1681815	3
NC_091548.1	1681816	3
NC_091548.1	1681817	3
NC_091548.1	1681818	3
NC_091548.1	1681819	3
NC_091548.1	1681820	3
NC_091548.1	1681821	3
NC_091548.1	1681822	3
NC_091548.1	1681823	3
NC_091548.1	1681824	3
NC_091548.1	1681825	3
NC_091548.1	1681826	3
NC_091548.1	1681827	3
NC_091548.1	1681828	3
NC_091548.1	1681829	3
NC_091548.1	1681830	3
NC_091548.1	1681831	3
NC_091548.1	1681832	3
NC_091548.1	1681833	3
NC_091548.1	1681834	3
NC_091548.1	1681835	3
NC_091548.1	1681836	3
NC_091548.1	1681837	3
NC_091548.1	1681838	3
NC_091548.1	1681839	3
NC_091548.1	1681840	3
NC_091548.1	1681841	3
NC_091548.1	1681842	3
NC_091548.1	1681843	3
NC_091548.1	1681844	3
NC_091548.1	1681845	3
NC_091548.1	1681846	3
NC_091548.1	1681847	3
NC_091548.1	1681848	3
NC_091548.1	1681849	3
NC_091548.1	1681850	3
NC_091548.1	1681851	3
NC_091548.1	1681852	3
NC_091548.1	1681853	3
NC_091548.1	1681854	3
NC_091548.1	1681855	3
NC_091548.1	1681856	3
NC_091548.1	1681857	3
NC_091548.1	1681858	3
NC_091548.1	1681859	3
NC_091548.1	1681860	3
NC_091548.1	1681861	3
NC_091548.1	1681862	3
NC_091548.1	1681863	3
NC_091548.1	1681864	3
NC_091548.1	1681865	3
NC_091548.1	1681866	3
NC_091548.1	1681867	3
NC_091548.1	1681868	3
NC_091548.1	1682131	3
NC_091548.1	1682132	3
NC_091548.1	1682133	3
NC_091548.1	1682134	3
NC_091548.1	1682135	3
NC_091548.1	1682136	3
NC_091548.1	1682137	3
NC_091548.1	1682138	3
NC_091548.1	1682139	3
NC_091548.1	1682140	3
NC_091548.1	1682141	3
NC_091548.1	1682142	3
NC_091548.1	1682143	3
NC_091548.1	1682144	3
NC_091548.1	1682145	3
NC_091548.1	1682146	3
NC_091548.1	1682147	3
NC_091548.1	1682148	3
NC_091548.1	1682149	3
NC_091548.1	1682150	3
NC_091548.1	1682151	3
NC_091548.1	1682152	3
NC_091548.1	1682153	3
NC_091548.1	1682154	3
NC_091548.1	1682155	3
NC_091548.1	1682156	3
NC_091548.1	1682157	3
NC_091548.1	1682158	3
NC_091548.1	1682159	3
NC_091548.1	1682160	3
NC_091548.1	1682161	3
NC_091548.1	1682162	3
NC_091548.1	1682163	3
NC_091548.1	1682164	3
NC_091548.1	1682165	3
NC_091548.1	1682166	3
NC_091548.1	1682167	3
NC_091548.1	1682168	3
NC_091548.1	1682169	3
NC_091548.1	1682170	3
NC_091548.1	1682171	3
NC_091548.1	1682172	3
NC_091548.1	1682173	3
NC_091548.1	1682174	3
NC_091548.1	1682175	3
NC_091548.1	1682176	3
NC_091548.1	1682177	3
NC_091548.1	1682178	3
NC_091548.1	1682179	3
NC_091548.1	1682180	3
NC_091548.1	1682181	3
NC_091548.1	1682182	3
NC_091548.1	1682183	3
NC_091548.1	1682184	3
NC_091548.1	1682185	3
NC_091548.1	1682186	3
NC_091548.1	1682187	3
NC_091548.1	1682188	3
NC_091548.1	1682189	3
NC_091548.1	1682190	3
NC_091548.1	1682191	3
NC_091548.1	1682192	3
NC_091548.1	1682193	3
NC_091548.1	1682194	3
NC_091548.1	1682195	3
NC_091548.1	1682196	3
NC_091548.1	1682197	3
NC_091548.1	1682198	3
NC_091548.1	1682199	3
NC_091548.1	1682200	3
NC_091548.1	1682201	3
NC_091548.1	1682202	3
NC_091548.1	1682203	3
NC_091548.1	1682204	3
NC_091548.1	1682205	3
NC_091548.1	1682206	3
NC_091548.1	1682207	3
NC_091548.1	1682208	3
NC_091548.1	1682209	3
NC_091548.1	1682210	3
NC_091548.1	1682211	3
NC_091548.1	1682212	3
NC_091548.1	1682213	3
NC_091548.1	1682214	3
NC_091548.1	1682215	3
NC_091548.1	1682216	3
NC_091548.1	1682217	3
NC_091548.1	1682218	3
NC_091548.1	1682219	3
NC_091548.1	1682220	3
NC_091548.1	1682221	3
NC_091548.1	1682222	3
NC_091548.1	1682223	3
NC_091548.1	1682224	3
NC_091548.1	1682225	3
NC_091548.1	1682226	3
NC_091548.1	1682227	3
NC_091548.1	1682228	3
NC_091548.1	1682229	3
NC_091548.1	1682230	3
NC_091548.1	1682231	3
NC_091548.1	1682232	3
NC_091548.1	1682233	3
NC_091548.1	1682234	3
NC_091548.1	1682235	3
NC_091548.1	1682236	3
NC_091548.1	1682237	3
NC_091548.1	1682238	3
NC_091548.1	1682239	3
NC_091548.1	1682240	3
NC_091548.1	1682241	3
NC_091548.1	1682242	3
NC_091548.1	1682243	3
NC_091548.1	1682244	3
NC_091548.1	1682245	3
NC_091548.1	1682246	3
NC_091548.1	1682247	3
NC_091548.1	1682248	3
NC_091548.1	1682249	3
NC_091548.1	1682250	3
NC_091548.1	1682251	3
NC_091548.1	1682252	3
NC_091548.1	1682253	3
NC_091548.1	1682254	3
NC_091548.1	1682255	3
NC_091548.1	1682256	3
NC_091548.1	1682257	3
NC_091548.1	1682258	3
NC_091548.1	1682259	3
NC_091548.1	1682260	3
NC_091548.1	1682261	3
NC_091548.1	1682262	3
NC_091548.1	1682263	3
NC_091548.1	1682264	3
NC_091548.1	1682265	3
NC_091548.1	1682266	3
NC_091548.1	1682267	3
NC_091548.1	1682268	3
NC_091548.1	1682269	3
NC_091548.1	1682270	3
NC_091548.1	1682271	3
NC_091548.1	1682272	3
NC_091548.1	1682273	3
NC_091548.1	1682274	3
NC_091548.1	1682275	3
NC_091548.1	1682276	3
NC_091548.1	1682277	3
NC_091548.1	1682278	3
NC_091548.1	1682279	3
NC_091548.1	1682280	3
NC_091548.1	1682281	3
NC_091548.1	1682282	3
NC_091548.1	1682283	3
NC_091548.1	1682284	3
NC_091548.1	1682285	3
NC_091548.1	1682286	3
NC_091548.1	1682287	3
NC_091548.1	1682288	3
NC_091548.1	1682289	3
NC_091548.1	1682290	3
NC_091548.1	1682291	3
NC_091548.1	1682292	3
NC_091548.1	1682293	3
NC_091548.1	1682294	3
NC_091548.1	1682295	3
NC_091548.1	1682296	3
NC_091548.1	1682297	3
NC_091548.1	1682298	3
NC_091548.1	1682299	3
NC_091548.1	1682300	3
NC_091548.1	1682301	3
NC_091548.1	1682302	3
NC_091548.1	1682303	3
NC_091548.1	1682304	3
NC_091548.1	1682305	3
NC_091548.1	1682306	3
NC_091548.1	1682307	3
NC_091548.1	1682308	3
NC_091548.1	1682309	3
NC_091548.1	1682310	3
NC_091548.1	1682311	3
NC_091548.1	1682312	3
NC_091548.1	1682313	3
NC_091548.1	1682314	3
NC_091548.1	1682315	3
NC_091548.1	1682316	3
NC_091548.1	1682317	3
NC_091548.1	1682318	3
NC_091548.1	1682319	3
NC_091548.1	1682320	3
NC_091548.1	1682321	3
NC_091548.1	1682322	3
NC_091548.1	1682323	3
NC_091548.1	1682324	3
NC_091548.1	1682325	3
NC_091548.1	1682326	3
NC_091548.1	1682327	3
NC_091548.1	1682328	3
NC_091548.1	1682329	3
NC_091548.1	1682330	3
NC_091548.1	1682331	3
NC_091548.1	1682332	3
NC_091548.1	1682333	3
NC_091548.1	1682334	3
NC_091548.1	1682335	3
NC_091548.1	1682336	3
NC_091548.1	1682337	3
NC_091548.1	1682338	3
NC_091548.1	1682339	3
NC_091548.1	1682340	3
NC_091548.1	1682341	3
NC_091548.1	1682342	3
NC_091548.1	1682343	3
NC_091548.1	1682344	3
NC_091548.1	1682345	3
NC_091548.1	1682346	3
NC_091548.1	1682347	3
NC_091548.1	1682348	3
NC_091548.1	1682349	3
NC_091548.1	1682350	3
NC_091548.1	1682351	3
NC_091548.1	1682352	3
NC_091548.1	1682353	3
NC_091548.1	1682354	3
NC_091548.1	1682355	3
NC_091548.1	1682356	3
NC_091548.1	1682357	3
NC_091548.1	1682358	3
NC_091548.1	1682359	3
NC_091548.1	1682360	3
NC_091548.1	1682361	3
NC_091548.1	1682362	3
NC_091548.1	1682363	3
NC_091548.1	1682364	3
NC_091548.1	1682365	3
NC_091548.1	1682366	3
NC_091548.1	1682367	3
NC_091548.1	1682368	3
NC_091548.1	1682369	3
NC_091548.1	1682370	3
NC_091548.1	1682371	3
NC_091548.1	1682372	3
NC_091548.1	1682373	3
NC_091548.1	1682374	3
NC_091548.1	1682375	3
NC_091548.1	1682376	3
NC_091548.1	1682377	3
NC_091548.1	1682378	3
NC_091548.1	1682379	3
NC_091548.1	1682380	3
NC_091548.1	1682381	3
NC_091548.1	1682382	3
NC_091548.1	1682383	3
NC_091548.1	1682384	3
NC_091548.1	1682385	3
NC_091548.1	1682386	3
NC_091548.1	1682387	3
NC_091548.1	1682388	3
NC_091548.1	1682389	3
NC_091548.1	1682390	3
NC_091548.1	1682391	3
NC_091548.1	1682392	3
NC_091548.1	1682393	3
NC_091548.1	1682394	3
NC_091548.1	1682395	3
NC_091548.1	1682396	3
NC_091548.1	1682397	3
NC_091548.1	1682398	3
NC_091548.1	1682399	3
NC_091548.1	1682400	3
NC_091548.1	1682401	3
NC_091548.1	1682402	3
NC_091548.1	1682403	3
NC_091548.1	1682404	3
NC_091548.1	1682405	3
NC_091548.1	1682406	3
NC_091548.1	1682407	3
NC_091548.1	1682408	3
NC_091548.1	1682409	3
NC_091548.1	1682410	3
NC_091548.1	1682411	3
NC_091548.1	1682412	3
NC_091548.1	1682413	3
NC_091548.1	1682414	3
NC_091548.1	1682415	3
NC_091548.1	1682416	3
NC_091548.1	1682417	3
NC_091548.1	1682418	3
NC_091548.1	1682419	3
NC_091548.1	1682420	3
NC_091548.1	1682421	3
NC_091548.1	1682422	3
NC_091548.1	1682423	3
NC_091548.1	1682424	3
NC_091548.1	1682425	3
NC_091548.1	1682426	3
NC_091548.1	1682427	3
NC_091548.1	1682428	3
NC_091548.1	1682429	3
NC_091548.1	1682430	3
NC_091548.1	1682431	3
NC_091548.1	1682432	3
NC_091548.1	1682433	3
NC_091548.1	1682434	3
NC_091548.1	1682435	3
NC_091548.1	1682436	3
NC_091548.1	1682437	3
NC_091548.1	1682438	3
NC_091548.1	1682439	3
NC_091548.1	1682440	3
NC_091548.1	1682441	3
NC_091548.1	1682442	3
NC_091548.1	1682443	3
NC_091548.1	1682444	3
NC_091548.1	1682445	3
NC_091548.1	1682446	3
NC_091548.1	1682447	3
NC_091548.1	1682448	3
NC_091548.1	1682449	3
NC_091548.1	1682450	3
NC_091548.1	1682451	3
NC_091548.1	1682452	3
NC_091548.1	1682453	3
NC_091548.1	1682454	3
NC_091548.1	1682455	3
NC_091548.1	1682456	3
NC_091548.1	1682457	3
NC_091548.1	1682458	3
NC_091548.1	1682459	3
NC_091548.1	1682460	3
NC_091548.1	1682461	3
NC_091548.1	1682462	3
NC_091548.1	1682463	3
NC_091548.1	1682464	3
NC_091548.1	1682465	3
NC_091548.1	1682466	3
NC_091548.1	1682467	3
NC_091548.1	1682468	3
NC_091548.1	1682469	3
NC_091548.1	1682470	3
NC_091548.1	1682471	3
NC_091548.1	1682472	3
NC_091548.1	1682473	3
NC_091548.1	1682474	3
NC_091548.1	1682475	3
NC_091548.1	1682476	3
NC_091548.1	1682477	3
NC_091548.1	1682478	3
NC_091548.1	1682479	3
NC_091548.1	1682480	3
NC_091548.1	1682481	3
NC_091548.1	1682482	3
NC_091548.1	1682483	3
NC_091548.1	1682484	3
NC_091548.1	1682485	3
NC_091548.1	1682486	3
NC_091548.1	1682487	3
NC_091548.1	1682488	3
NC_091548.1	1682489	3
NC_091548.1	1682490	3
NC_091548.1	1682491	3
NC_091548.1	1682492	3
NC_091548.1	1682493	3
NC_091548.1	1682494	3
NC_091548.1	1682495	3
NC_091548.1	1682496	3
NC_091548.1	1682497	3
NC_091548.1	1682498	3
NC_091548.1	1682499	3
NC_091548.1	1682500	3
NC_091548.1	1682501	3
NC_091548.1	1682502	3
NC_091548.1	1682503	3
NC_091548.1	1682504	3
NC_091548.1	1682505	3
NC_091548.1	1682506	3
NC_091548.1	1682507	3
NC_091548.1	1682508	3
NC_091548.1	1682509	3
NC_091548.1	1682510	3
NC_091548.1	1682511	3
NC_091548.1	1682512	3
NC_091548.1	1682513	3
NC_091548.1	1682514	3
NC_091548.1	1682515	3
NC_091548.1	1682516	3
NC_091548.1	1682517	3
NC_091548.1	1682518	3
NC_091548.1	1682519	3
NC_091548.1	1682520	3
NC_091548.1	1682521	3
NC_091548.1	1682522	3
NC_091548.1	1682523	3
NC_091548.1	1682524	3
NC_091548.1	1682525	3
NC_091548.1	1682526	3
NC_091548.1	1682527	3
NC_091548.1	1682528	3
NC_091548.1	1682529	3
NC_091548.1	1682530	3
NC_091548.1	1682531	3
NC_091548.1	1682532	3
NC_091548.1	1682533	3
NC_091548.1	1682534	3
NC_091548.1	1682535	3
NC_091548.1	1682536	3
NC_091548.1	1682537	3
NC_091548.1	1682538	3
NC_091548.1	1682539	3
NC_091548.1	1682540	3
NC_091548.1	1682541	3
NC_091548.1	1682542	3
NC_091548.1	1682543	3
NC_091548.1	1682544	3
NC_091548.1	1682545	3
NC_091548.1	1682546	3
NC_091548.1	1682547	3
NC_091548.1	1682548	3
NC_091548.1	1682549	3
NC_091548.1	1682550	3
NC_091548.1	1682551	3
NC_091548.1	1682552	3
NC_091548.1	1682553	3
NC_091548.1	1682554	3
NC_091548.1	1682555	3
NC_091548.1	1682556	3
NC_091548.1	1682557	3
NC_091548.1	1682558	3
NC_091548.1	1682559	3
NC_091548.1	1682560	3
NC_091548.1	1682561	3
NC_091548.1	1682562	3
NC_091548.1	1682563	3
NC_091548.1	1682564	3
NC_091548.1	1682565	3
NC_091548.1	1682566	3
NC_091548.1	1682567	3
NC_091548.1	1682568	3
NC_091548.1	1682569	3
NC_091548.1	1682570	3
NC_091548.1	1682571	3
NC_091548.1	1682572	3
NC_091548.1	1682573	3
NC_091548.1	1682574	3
NC_091548.1	1682575	3
NC_091548.1	1682576	3
NC_091548.1	1682577	3
NC_091548.1	1682578	3
NC_091548.1	1682579	3
NC_091548.1	1682580	3
NC_091548.1	1682581	3
NC_091548.1	1682582	3
NC_091548.1	1682583	3
NC_091548.1	1682584	3
NC_091548.1	1682585	3
NC_091548.1	1682586	3
NC_091548.1	1682587	3
NC_091548.1	1682588	3
NC_091548.1	1682589	3
NC_091548.1	1682590	3
NC_091548.1	1682591	3
NC_091548.1	1682592	3
NC_091548.1	1682593	3
NC_091548.1	1682594	3
NC_091548.1	1682595	3
NC_091548.1	1682596	3
NC_091548.1	1682597	3
NC_091548.1	1682598	3
NC_091548.1	1682599	3
NC_091548.1	1682600	3
NC_091548.1	1682601	3
NC_091548.1	1682602	3
NC_091548.1	1682603	3
NC_091548.1	1682604	3
NC_091548.1	1682605	3
NC_091548.1	1682606	3
NC_091548.1	1682607	3
NC_091548.1	1682608	3
NC_091548.1	1682609	3
NC_091548.1	1682610	3
NC_091548.1	1682611	3
NC_091548.1	1682612	3
NC_091548.1	1682613	3
NC_091548.1	1682614	3
NC_091548.1	1682615	3
NC_091548.1	1682616	3
NC_091548.1	1682617	3
NC_091548.1	1682618	3
NC_091548.1	1682619	3
NC_091548.1	1682620	3
NC_091548.1	1682621	3
NC_091548.1	1682622	3
NC_091548.1	1682623	3
NC_091548.1	1682624	3
NC_091548.1	1682625	3
NC_091548.1	1682626	3
NC_091548.1	1682627	3
NC_091548.1	1682628	3
NC_091548.1	1682629	3
NC_091548.1	1682630	3
NC_091548.1	1682631	3
NC_091548.1	1682632	3
NC_091548.1	1682633	3
NC_091548.1	1682634	3
NC_091548.1	1682635	3
NC_091548.1	1682636	3
NC_091548.1	1682637	3
NC_091548.1	1682638	3
NC_091548.1	1682639	3
NC_091548.1	1682640	3
NC_091548.1	1682641	3
NC_091548.1	1682642	3
NC_091548.1	1682643	3
NC_091548.1	1682644	3
NC_091548.1	1682645	3
NC_091548.1	1682646	3
NC_091548.1	1682647	3
NC_091548.1	1682648	3
NC_091548.1	1682649	3
NC_091548.1	1682650	3
NC_091548.1	1682651	3
NC_091548.1	1682652	3
NC_091548.1	1682653	3
NC_091548.1	1682654	3
NC_091548.1	1682655	3
NC_091548.1	1682656	3
NC_091548.1	1682657	3
NC_091548.1	1682658	3
NC_091548.1	1682659	3
NC_091548.1	1682660	3
NC_091548.1	1682661	3
NC_091548.1	1682662	3
NC_091548.1	1682663	3
NC_091548.1	1682664	3
NC_091548.1	1682665	3
NC_091548.1	1682666	3
NC_091548.1	1682667	3
NC_091548.1	1682668	3
NC_091548.1	1682669	3
NC_091548.1	1682670	3
NC_091548.1	1682671	3
NC_091548.1	1682672	3
NC_091548.1	1682673	3
NC_091548.1	1682674	3
NC_091548.1	1682675	3
NC_091548.1	1682676	3
NC_091548.1	1682677	3
NC_091548.1	1682678	3
NC_091548.1	1682679	3
NC_091548.1	1682680	3
NC_091548.1	1682681	3
NC_091548.1	1682682	3
NC_091548.1	1682683	3
NC_091548.1	1682684	3
NC_091548.1	1682685	3
NC_091548.1	1682686	3
NC_091548.1	1682687	3
NC_091548.1	1682688	3
NC_091548.1	1682689	3
NC_091548.1	1682690	3
NC_091548.1	1682691	3
NC_091548.1	1682692	3
NC_091548.1	1682693	3
NC_091548.1	1682694	3
NC_091548.1	1682695	3
NC_091548.1	1682696	3
NC_091548.1	1682697	3
NC_091548.1	1682698	3
NC_091548.1	1682699	3
NC_091548.1	1682700	3
NC_091548.1	1682701	3
NC_091548.1	1682702	3
NC_091548.1	1682703	3
NC_091548.1	1682704	3
NC_091548.1	1682705	3
NC_091548.1	1682706	3
NC_091548.1	1682707	3
NC_091548.1	1682708	3
NC_091548.1	1682709	3
NC_091548.1	1682710	3
NC_091548.1	1682711	3
NC_091548.1	1682712	3
NC_091548.1	1683209	3
NC_091548.1	1683210	3
NC_091548.1	1683211	3
NC_091548.1	1683212	3
NC_091548.1	1683213	3
NC_091548.1	1683214	3
NC_091548.1	1683215	3
NC_091548.1	1683216	3
NC_091548.1	1683217	3
NC_091548.1	1683218	3
NC_091548.1	1683219	3
NC_091548.1	1683220	3
NC_091548.1	1683221	3
NC_091548.1	1683222	3
NC_091548.1	1683223	3
NC_091548.1	1683224	3
NC_091548.1	1683225	3
NC_091548.1	1683226	3
NC_091548.1	1683227	3
NC_091548.1	1683228	3
NC_091548.1	1683229	3
NC_091548.1	1683230	3
NC_091548.1	1683231	3
NC_091548.1	1683232	3
NC_091548.1	1683233	3
NC_091548.1	1683234	3
NC_091548.1	1683235	3
NC_091548.1	1683236	3
NC_091548.1	1683237	3
NC_091548.1	1683238	3
NC_091548.1	1683239	3
NC_091548.1	1683240	3
NC_091548.1	1683241	3
NC_091548.1	1683242	3
NC_091548.1	1683243	3
NC_091548.1	1683244	3
NC_091548.1	1683245	3
NC_091548.1	1683246	3
NC_091548.1	1683247	3
NC_091548.1	1683248	3
NC_091548.1	1683249	3
NC_091548.1	1683250	3
NC_091548.1	1683251	3
NC_091548.1	1683252	3
NC_091548.1	1683253	3
NC_091548.1	1683254	3
NC_091548.1	1683255	3
NC_091548.1	1683256	3
NC_091548.1	1683257	3
NC_091548.1	1683258	3
NC_091548.1	1683259	3
NC_091548.1	1683260	3
NC_091548.1	1683261	3
NC_091548.1	1683262	3
NC_091548.1	1683263	3
NC_091548.1	1683264	3
NC_091548.1	1683265	3
NC_091548.1	1683266	3
NC_091548.1	1683267	3
NC_091548.1	1683268	3
NC_091548.1	1683269	3
NC_091548.1	1683270	3
NC_091548.1	1683271	3
NC_091548.1	1683272	3
NC_091548.1	1683273	3
NC_091548.1	1683274	3
NC_091548.1	1683275	3
NC_091548.1	1683276	3
NC_091548.1	1683607	3
NC_091548.1	1683608	3
NC_091548.1	1683609	3
NC_091548.1	1683610	3
NC_091548.1	1683611	3
NC_091548.1	1683612	3
NC_091548.1	1683613	3
NC_091548.1	1683614	3
NC_091548.1	1683615	3
NC_091548.1	1683616	3
NC_091548.1	1683617	3
NC_091548.1	1683618	3
NC_091548.1	1683619	3
NC_091548.1	1683620	3
NC_091548.1	1683621	3
NC_091548.1	1683622	3
NC_091548.1	1683623	3
NC_091548.1	1683624	3
NC_091548.1	1683625	3
NC_091548.1	1683626	3
NC_091548.1	1683627	3
NC_091548.1	1683628	3
NC_091548.1	1683629	3
NC_091548.1	1683630	3
NC_091548.1	1683631	3
NC_091548.1	1683632	3
NC_091548.1	1683633	3
NC_091548.1	1683634	3
NC_091548.1	1683635	3
NC_091548.1	1683636	3
NC_091548.1	1683637	3
NC_091548.1	1683638	3
NC_091548.1	1683639	3
NC_091548.1	1683640	3
NC_091548.1	1683641	3
NC_091548.1	1683642	3
NC_091548.1	1683643	3
NC_091548.1	1683644	3
NC_091548.1	1683645	3
NC_091548.1	1683646	3
NC_091548.1	1683647	3
NC_091548.1	1683648	3
NC_091548.1	1683649	3
NC_091548.1	1683650	3
NC_091548.1	1683651	3
NC_091548.1	1683652	3
NC_091548.1	1683653	3
NC_091548.1	1683654	3
NC_091548.1	1683655	3
NC_091548.1	1683656	3
NC_091548.1	1683657	3
NC_091548.1	1683658	3
NC_091548.1	1683659	3
NC_091548.1	1683660	3
NC_091548.1	1683662	3
NC_091548.1	1683663	3
NC_091548.1	1683664	3
NC_091548.1	1683665	3
NC_091548.1	1683666	3
NC_091548.1	1683667	3
NC_091548.1	1683668	3
NC_091548.1	1683669	3
NC_091548.1	1683670	3
NC_091548.1	1683671	3
NC_091548.1	1683672	3
NC_091548.1	1683673	3
NC_091548.1	1683674	3
NC_091548.1	1683675	3
NC_091548.1	1683676	3
NC_091548.1	1683677	3
NC_091548.1	1683678	3
NC_091548.1	1683679	3
NC_091548.1	1683680	3
NC_091548.1	1683681	3
NC_091548.1	1683682	3
NC_091548.1	1683683	3
NC_091548.1	1683684	3
NC_091548.1	1683685	3
NC_091548.1	1683686	3
NC_091548.1	1683687	3
NC_091548.1	1683688	3
NC_091548.1	1683689	3
NC_091548.1	1683690	3
NC_091548.1	1683691	3
NC_091548.1	1683692	3
NC_091548.1	1683693	3
NC_091548.1	1683694	3
NC_091548.1	1683695	3
NC_091548.1	1683696	3
NC_091548.1	1683697	3
NC_091548.1	1683698	3
NC_091548.1	1683699	3
NC_091548.1	1683700	3
NC_091548.1	1683701	3
NC_091548.1	1683702	3
NC_091548.1	1683703	3
NC_091548.1	1683704	3
NC_091548.1	1683705	3
NC_091548.1	1683706	3
NC_091548.1	1683707	3
NC_091548.1	1683708	3
NC_091548.1	1683709	3
NC_091548.1	1683710	3
NC_091548.1	1683711	3
NC_091548.1	1683712	3
NC_091548.1	1683713	3
NC_091548.1	1683714	3
NC_091548.1	1683715	3
NC_091548.1	1683716	3
NC_091548.1	1683717	3
NC_091548.1	1683718	3
NC_091548.1	1683719	3
NC_091548.1	1683720	3
NC_091548.1	1683721	3
NC_091548.1	1683722	3
NC_091548.1	1683723	3
NC_091548.1	1683724	3
NC_091548.1	1683725	3
NC_091548.1	1683726	3
NC_091548.1	1683727	3
NC_091548.1	1683728	3
NC_091548.1	1683729	3
NC_091548.1	1683730	3
NC_091548.1	1683731	3
NC_091548.1	1683732	3
NC_091548.1	1683733	3
NC_091548.1	1683734	3
NC_091548.1	1683735	3
NC_091548.1	1683736	3
NC_091548.1	1683737	3
NC_091548.1	1683738	3
NC_091548.1	1683739	3
NC_091548.1	1683740	3
NC_091548.1	1683741	3
NC_091548.1	1683742	3
NC_091548.1	1683743	3
NC_091548.1	1683744	3
NC_091548.1	1683745	3
NC_091548.1	1683746	3
NC_091548.1	1683747	3
NC_091548.1	1683749	3
NC_091548.1	1683750	3
NC_091548.1	1683751	3
NC_091548.1	1683752	3
NC_091548.1	1683753	3
NC_091548.1	1683754	3
NC_091548.1	1683755	3
NC_091548.1	1683756	3
NC_091548.1	1683757	3
NC_091548.1	1683758	3
NC_091548.1	1683759	3
NC_091548.1	1683760	3
NC_091548.1	1683761	3
NC_091548.1	1683762	3
NC_091548.1	1683763	3
NC_091548.1	1683764	3
NC_091548.1	1683765	3
NC_091548.1	1683766	3
NC_091548.1	1683767	3
NC_091548.1	1683768	3
NC_091548.1	1683769	3
NC_091548.1	1683770	3
NC_091548.1	1683771	3
NC_091548.1	1683772	3
NC_091548.1	1683773	3
NC_091548.1	1683774	3
NC_091548.1	1683775	3
NC_091548.1	1683776	3
NC_091548.1	1683777	3
NC_091548.1	1683778	3
NC_091548.1	1683779	3
NC_091548.1	1683780	3
NC_091548.1	1683781	3
NC_091548.1	1683782	3
NC_091548.1	1683783	3
NC_091548.1	1683784	3
NC_091548.1	1683785	3
NC_091548.1	1683786	3
NC_091548.1	1683787	3
NC_091548.1	1683788	3
NC_091548.1	1683789	3
NC_091548.1	1683790	3
NC_091548.1	1683791	3
NC_091548.1	1683792	3
NC_091548.1	1683793	3
NC_091548.1	1683794	3
NC_091548.1	1683795	3
NC_091548.1	1683796	3
NC_091548.1	1683797	3
NC_091548.1	1683798	3
NC_091548.1	1683799	3
NC_091548.1	1683800	3
NC_091548.1	1683801	3
NC_091548.1	1683802	3
NC_091548.1	1683803	3
NC_091548.1	1683804	3
NC_091548.1	1683805	3
NC_091548.1	1683806	3
NC_091548.1	1683807	3
NC_091548.1	1683808	3
NC_091548.1	1683809	3
NC_091548.1	1683810	3
NC_091548.1	1683811	3
NC_091548.1	1683812	3
NC_091548.1	1683813	3
NC_091548.1	1683814	3
NC_091548.1	1683815	3
NC_091548.1	1683816	3
NC_091548.1	1683817	3
NC_091548.1	1683818	3
NC_091548.1	1683819	3
NC_091548.1	1683820	3
NC_091548.1	1683821	3
NC_091548.1	1683822	3
NC_091548.1	1683823	3
NC_091548.1	1683824	3
NC_091548.1	1683825	3
NC_091548.1	1683826	3
NC_091548.1	1683827	3
NC_091548.1	1683828	3
NC_091548.1	1683829	3
NC_091548.1	1683830	3
NC_091548.1	1683831	3
NC_091548.1	1683832	3
NC_091548.1	1683833	3
NC_091548.1	1683834	3
NC_091548.1	1683835	3
NC_091548.1	1683836	3
NC_091548.1	1683837	3
NC_091548.1	1683838	3
NC_091548.1	1683839	3
NC_091548.1	1683840	3
NC_091548.1	1683841	3
NC_091548.1	1683842	3
NC_091548.1	1683843	3
NC_091548.1	1683844	3
NC_091548.1	1683845	3
NC_091548.1	1683846	3
NC_091548.1	1683847	3
NC_091548.1	1683848	3
NC_091548.1	1683849	3
NC_091548.1	1683850	3
NC_091548.1	1683851	3
NC_091548.1	1683852	3
NC_091548.1	1683853	3
NC_091548.1	1683854	3
NC_091548.1	1683855	3
NC_091548.1	1683856	3
NC_091548.1	1683857	3
NC_091548.1	1683858	3
NC_091548.1	1683859	3
NC_091548.1	1683860	3
NC_091548.1	1683861	3
NC_091548.1	1683862	3
NC_091548.1	1683863	3
NC_091548.1	1683864	3
NC_091548.1	1683865	3
NC_091548.1	1683866	3
NC_091548.1	1683867	3
NC_091548.1	1683868	3
NC_091548.1	1683869	3
NC_091548.1	1683870	3
NC_091548.1	1683871	3
NC_091548.1	1683872	3
NC_091548.1	1683873	3
NC_091548.1	1683874	3
NC_091548.1	1683875	3
NC_091548.1	1683876	3
NC_091548.1	1683877	3
NC_091548.1	1683879	3
NC_091548.1	1683880	3
NC_091548.1	1683881	3
NC_091548.1	1683882	3
NC_091548.1	1683883	3
NC_091548.1	1683884	3
NC_091548.1	1683886	3
NC_091548.1	1683887	3
NC_091548.1	1683888	3
NC_091548.1	1683889	3
NC_091548.1	1683890	3
NC_091548.1	1683891	3
NC_091548.1	1683892	3
NC_091548.1	1683893	3
NC_091548.1	1683894	3
NC_091548.1	1683895	3
NC_091548.1	1683896	3
NC_091548.1	1683897	3
NC_091548.1	1683898	3
NC_091548.1	1683899	3
NC_091548.1	1683900	3
NC_091548.1	1683901	3
NC_091548.1	1683902	3
NC_091548.1	1683903	3
NC_091548.1	1683904	3
NC_091548.1	1683905	3
NC_091548.1	1683906	3
NC_091548.1	1683907	3
NC_091548.1	1683908	3
NC_091548.1	1683909	3
NC_091548.1	1683910	3
NC_091548.1	1683911	3
NC_091548.1	1683912	3
NC_091548.1	1683913	3
NC_091548.1	1683914	3
NC_091548.1	1683916	3
NC_091548.1	1683917	3
NC_091548.1	1683918	3
NC_091548.1	1683989	3
NC_091548.1	1683990	3
NC_091548.1	1683991	3
NC_091548.1	1683992	3
NC_091548.1	1683993	3
NC_091548.1	1683994	3
NC_091548.1	1683995	3
NC_091548.1	1683996	3
NC_091548.1	1683997	3
NC_091548.1	1683998	3
NC_091548.1	1683999	3
NC_091548.1	1684000	3
NC_091548.1	1684001	3
NC_091548.1	1684002	3
NC_091548.1	1684003	3
NC_091548.1	1684004	3
NC_091548.1	1684005	3
NC_091548.1	1684006	3
NC_091548.1	1684007	3
NC_091548.1	1684008	3
NC_091548.1	1684009	3
NC_091548.1	1684011	3
NC_091548.1	1684012	3
NC_091548.1	1684013	3
NC_091548.1	1684014	3
NC_091548.1	1684016	3
NC_091548.1	1684017	3
NC_091548.1	1684018	3
NC_091548.1	1684019	3
NC_091548.1	1684020	3
NC_091548.1	1684021	3
NC_091548.1	1684022	3
NC_091548.1	1684023	3
NC_091548.1	1684024	3
NC_091548.1	1684025	3
NC_091548.1	1684027	3
NC_091548.1	1684028	3
NC_091548.1	1684029	3
NC_091548.1	1684030	3
NC_091548.1	1684031	3
NC_091548.1	1684032	3
NC_091548.1	1684033	3
NC_091548.1	1684034	3
NC_091548.1	1684035	3
NC_091548.1	1684036	3
NC_091548.1	1684037	3
NC_091548.1	1684039	3
NC_091548.1	1684040	3
NC_091548.1	1684041	3
NC_091548.1	1684043	3
NC_091548.1	1684044	3
NC_091548.1	1684045	3
NC_091548.1	1684046	3
NC_091548.1	1684047	3
NC_091548.1	1684048	3
NC_091548.1	1684049	3
NC_091548.1	1684050	3
NC_091548.1	1684051	3
NC_091548.1	1684052	3
NC_091548.1	1684053	3
NC_091548.1	1684054	3
NC_091548.1	1684055	3
NC_091548.1	1684056	3
NC_091548.1	1684057	3
NC_091548.1	1684058	3
NC_091548.1	1684059	3
NC_091548.1	1684061	3
NC_091548.1	1684062	3
NC_091548.1	1684063	3
NC_091548.1	1684064	3
NC_091548.1	1684065	3
NC_091548.1	1684066	3
NC_091548.1	1684067	3
NC_091548.1	1684069	3
NC_091548.1	1684070	3
NC_091548.1	1684071	3
NC_091548.1	1684072	3
NC_091548.1	1684073	3
NC_091548.1	1684074	3
NC_091548.1	1684075	3
NC_091548.1	1684076	3
NC_091548.1	1684077	3
NC_091548.1	1684078	3
NC_091548.1	1684079	3
NC_091548.1	1684080	3
NC_091548.1	1684082	3
NC_091548.1	1684083	3
NC_091548.1	1684084	3
NC_091548.1	1684085	3
NC_091548.1	1684087	3
NC_091548.1	1684088	3
NC_091548.1	1684089	3
NC_091548.1	1684090	3
NC_091548.1	1684091	3
NC_091548.1	1684092	3
NC_091548.1	1684093	3
NC_091548.1	1684094	3
NC_091548.1	1684095	3
NC_091548.1	1684097	3
NC_091548.1	1684099	3
NC_091548.1	1684100	3
NC_091548.1	1684101	3
NC_091548.1	1684102	3
NC_091548.1	1684103	3
NC_091548.1	1684104	3
NC_091548.1	1684105	3
NC_091548.1	1684106	3
NC_091548.1	1684107	3
NC_091548.1	1684108	3
NC_091548.1	1684109	3
NC_091548.1	1684110	3
NC_091548.1	1684111	3
NC_091548.1	1684112	3
NC_091548.1	1684113	3
NC_091548.1	1684114	3
NC_091548.1	1684115	3
NC_091548.1	1684116	3
NC_091548.1	1684117	3
NC_091548.1	1684118	3
NC_091548.1	1684119	3
NC_091548.1	1684120	3
NC_091548.1	1684121	3
NC_091548.1	1684395	3
NC_091548.1	1684396	3
NC_091548.1	1684397	3
NC_091548.1	1684398	3
NC_091548.1	1684399	3
NC_091548.1	1684400	3
NC_091548.1	1684401	3
NC_091548.1	1684402	3
NC_091548.1	1684403	3
NC_091548.1	1684404	3
NC_091548.1	1684405	3
NC_091548.1	1684406	3
NC_091548.1	1684407	3
NC_091548.1	1684408	3
NC_091548.1	1684409	3
NC_091548.1	1684410	3
NC_091548.1	1684411	3
NC_091548.1	1684412	3
NC_091548.1	1684413	3
NC_091548.1	1684414	3
NC_091548.1	1684415	3
NC_091548.1	1684416	3
NC_091548.1	1684417	3
NC_091548.1	1684418	3
NC_091548.1	1684419	3
NC_091548.1	1684420	3
NC_091548.1	1684421	3
NC_091548.1	1684422	3
NC_091548.1	1684423	3
NC_091548.1	1684424	3
NC_091548.1	1684425	3
NC_091548.1	1684426	3
NC_091548.1	1684427	3
NC_091548.1	1684428	3
NC_091548.1	1684429	3
NC_091548.1	1684430	3
NC_091548.1	1684431	3
NC_091548.1	1684432	3
NC_091548.1	1684433	3
NC_091548.1	1684434	3
NC_091548.1	1684435	3
NC_091548.1	1684436	3
NC_091548.1	1684437	3
NC_091548.1	1684438	3
NC_091548.1	1684439	3
NC_091548.1	1684440	3
NC_091548.1	1684441	3
NC_091548.1	1684442	3
NC_091548.1	1684443	3
NC_091548.1	1684444	3
NC_091548.1	1684445	3
NC_091548.1	1684446	3
NC_091548.1	1684447	3
NC_091548.1	1684448	3
NC_091548.1	1684449	3
NC_091548.1	1684450	3
NC_091548.1	1684451	3
NC_091548.1	1684452	3
NC_091548.1	1684453	3
NC_091548.1	1684454	3
NC_091548.1	1684455	3
NC_091548.1	1684456	3
NC_091548.1	1684457	3
NC_091548.1	1684458	3
NC_091548.1	1684459	3
NC_091548.1	1684460	3
NC_091548.1	1684461	3
NC_091548.1	1684462	3
NC_091548.1	1684463	3
NC_091548.1	1684464	3
NC_091548.1	1684465	3
NC_091548.1	1684466	3
NC_091548.1	1684467	3
NC_091548.1	1684468	3
NC_091548.1	1684469	3
NC_091548.1	1684470	3
NC_091548.1	1684471	3
NC_091548.1	1684472	3
NC_091548.1	1684473	3
NC_091548.1	1684474	3
NC_091548.1	1684475	3
NC_091548.1	1684476	3
NC_091548.1	1684477	3
NC_091548.1	1684478	3
NC_091548.1	1684479	3
NC_091548.1	1684480	3
NC_091548.1	1684481	3
NC_091548.1	1684482	3
NC_091548.1	1684483	3
NC_091548.1	1684484	3
NC_091548.1	1684485	3
NC_091548.1	1684486	3
NC_091548.1	1684487	3
NC_091548.1	1684488	3
NC_091548.1	1684489	3
NC_091548.1	1684490	3
NC_091548.1	1684491	3
NC_091548.1	1684492	3
NC_091548.1	1684493	3
NC_091548.1	1684494	3
NC_091548.1	1684495	3
NC_091548.1	1684496	3
NC_091548.1	1684497	3
NC_091548.1	1684498	3
NC_091548.1	1684499	3
NC_091548.1	1684500	3
NC_091548.1	1684501	3
NC_091548.1	1684502	3
NC_091548.1	1684503	3
NC_091548.1	1684504	3
NC_091548.1	1684505	3
NC_091548.1	1684506	3
NC_091548.1	1684507	3
NC_091548.1	1684508	3
NC_091548.1	1684509	3
NC_091548.1	1684510	3
NC_091548.1	1684511	3
NC_091548.1	1684512	3
NC_091548.1	1684513	3
NC_091548.1	1684514	3
NC_091548.1	1684515	3
NC_091548.1	1684516	3
NC_091548.1	1684517	3
NC_091548.1	1684518	3
NC_091548.1	1684519	3
NC_091548.1	1684520	3
NC_091548.1	1684521	3
NC_091548.1	1684522	3
NC_091548.1	1684523	3
NC_091548.1	1684524	3
NC_091548.1	1684525	3
NC_091548.1	1684526	3
NC_091548.1	1684527	3
NC_091548.1	1684528	3
NC_091548.1	1684529	3
NC_091548.1	1684530	3
NC_091548.1	1684531	3
NC_091548.1	1684532	3
NC_091548.1	1684533	3
NC_091548.1	1684534	3
NC_091548.1	1684535	3
NC_091548.1	1684536	3
NC_091548.1	1684537	3
NC_091548.1	1684538	3
NC_091548.1	1684539	3
NC_091548.1	1684540	3
NC_091548.1	1684541	3
NC_091548.1	1684542	3
NC_091548.1	1684543	3
NC_091548.1	1684544	3
NC_091548.1	1684545	3
NC_091548.1	1684546	3
NC_091548.1	1684547	3
NC_091548.1	1684548	3
NC_091548.1	1684549	3
NC_091548.1	1684550	3
NC_091548.1	1684551	3
NC_091548.1	1684552	3
NC_091548.1	1684553	3
NC_091548.1	1684554	3
NC_091548.1	1684555	3
NC_091548.1	1684556	3
NC_091548.1	1684557	3
NC_091548.1	1684558	3
NC_091548.1	1684559	3
NC_091548.1	1684560	3
NC_091548.1	1684561	3
NC_091548.1	1684562	3
NC_091548.1	1684563	3
NC_091548.1	1684564	3
NC_091548.1	1684565	3
NC_091548.1	1684566	3
NC_091548.1	1684567	3
NC_091548.1	1684568	3
NC_091548.1	1684569	3
NC_091548.1	1684570	3
NC_091548.1	1684571	3
NC_091548.1	1684572	3
NC_091548.1	1684573	3
NC_091548.1	1684574	3
NC_091548.1	1684575	3
NC_091548.1	1684576	3
NC_091548.1	1684577	3
NC_091548.1	1684578	3
NC_091548.1	1684579	3
NC_091548.1	1688595	3
NC_091548.1	1688596	3
NC_091548.1	1688597	3
NC_091548.1	1688598	3
NC_091548.1	1688599	3
NC_091548.1	1688600	3
NC_091548.1	1688601	3
NC_091548.1	1688602	3
NC_091548.1	1688603	3
NC_091548.1	1688604	3
NC_091548.1	1688605	3
NC_091548.1	1688606	3
NC_091548.1	1688607	3
NC_091548.1	1688608	3
NC_091548.1	1688609	3
NC_091548.1	1688610	3
NC_091548.1	1688611	3
NC_091548.1	1688612	3
NC_091548.1	1688613	3
NC_091548.1	1688614	3
NC_091548.1	1688615	3
NC_091548.1	1688616	3
NC_091548.1	1688617	3
NC_091548.1	1688618	3
NC_091548.1	1688619	3
NC_091548.1	1688620	3
NC_091548.1	1688621	3
NC_091548.1	1688622	3
NC_091548.1	1688623	3
NC_091548.1	1688624	3
NC_091548.1	1688625	3
NC_091548.1	1688626	3
NC_091548.1	1688627	3
NC_091548.1	1688628	3
NC_091548.1	1688629	3
NC_091548.1	1688630	3
NC_091548.1	1688631	3
NC_091548.1	1688632	3
NC_091548.1	1688633	3
NC_091548.1	1688634	3
NC_091548.1	1688635	3
NC_091548.1	1688636	3
NC_091548.1	1688637	3
NC_091548.1	1688638	3
NC_091548.1	1688639	3
NC_091548.1	1688640	3
NC_091548.1	1688641	3
NC_091548.1	1688642	3
NC_091548.1	1688643	3
NC_091548.1	1688644	3
NC_091548.1	1688645	3
NC_091548.1	1688646	3
NC_091548.1	1688647	3
NC_091548.1	1688648	3
NC_091548.1	1688649	3
NC_091548.1	1688650	3
NC_091548.1	1688651	3
NC_091548.1	1688652	3
NC_091548.1	1688653	3
NC_091548.1	1688654	3
NC_091548.1	1688655	3
NC_091548.1	1688656	3
NC_091548.1	1688657	3
NC_091548.1	1688658	3
NC_091548.1	1688659	3
NC_091548.1	1688660	3
NC_091548.1	1688661	3
NC_091548.1	1688662	3
NC_091548.1	1688663	3
NC_091548.1	1688664	3
NC_091548.1	1688665	3
NC_091548.1	1688666	3
NC_091548.1	1688667	3
NC_091548.1	1688668	3
NC_091548.1	1688669	3
NC_091548.1	1688670	3
NC_091548.1	1688671	3
NC_091548.1	1688672	3
NC_091548.1	1688673	3
NC_091548.1	1688674	3
NC_091548.1	1688675	3
NC_091548.1	1688676	3
NC_091548.1	1688677	3
NC_091548.1	1688678	3
NC_091548.1	1688679	3
NC_091548.1	1688680	3
NC_091548.1	1688681	3
NC_091548.1	1688682	3
NC_091548.1	1688683	3
NC_091548.1	1688684	3
NC_091548.1	1688685	3
NC_091548.1	1688686	3
NC_091548.1	1688687	3
NC_091548.1	1688688	3
NC_091548.1	1688689	3
NC_091548.1	1688690	3
NC_091548.1	1688691	3
NC_091548.1	1688692	3
NC_091548.1	1688693	3
NC_091548.1	1688694	3
NC_091548.1	1688695	3
NC_091548.1	1688696	3
NC_091548.1	1688697	3
NC_091548.1	1688698	3
NC_091548.1	1688699	3
NC_091548.1	1688700	3
NC_091548.1	1688701	3
NC_091548.1	1688702	3
NC_091548.1	1688703	3
NC_091548.1	1688704	3
NC_091548.1	1688705	3
NC_091548.1	1688706	3
NC_091548.1	1688707	3
NC_091548.1	1688708	3
NC_091548.1	1688709	3
NC_091548.1	1688710	3
NC_091548.1	1688711	3
NC_091548.1	1688712	3
NC_091548.1	1688713	3
NC_091548.1	1688714	3
NC_091548.1	1688715	3
NC_091548.1	1688716	3
NC_091548.1	1688717	3
NC_091548.1	1688718	3
NC_091548.1	1688719	3
NC_091548.1	1688720	3
NC_091548.1	1688721	3
NC_091548.1	1688722	3
NC_091548.1	1688723	3
NC_091548.1	1688724	3
NC_091548.1	1688725	3
NC_091548.1	1688726	3
NC_091548.1	1688727	3
NC_091548.1	1688728	3
NC_091548.1	1688729	3
NC_091548.1	1688730	3
NC_091548.1	1688731	3
NC_091548.1	1688732	3
NC_091548.1	1688733	3
NC_091548.1	1688734	3
NC_091548.1	1688735	3
NC_091548.1	1688736	3
NC_091548.1	1688737	3
NC_091548.1	1688738	3
NC_091548.1	1688739	3
NC_091548.1	1688740	3
NC_091548.1	1688741	3
NC_091548.1	1688742	3
NC_091548.1	1688743	3
NC_091548.1	1688744	3
NC_091548.1	1688745	3
NC_091548.1	1688746	3
NC_091548.1	1688747	3
NC_091548.1	1688748	3
NC_091548.1	1688749	3
NC_091548.1	1688750	3
NC_091548.1	1688751	3
NC_091548.1	1688752	3
NC_091548.1	1688753	3
NC_091548.1	1688754	3
NC_091548.1	1688755	3
NC_091548.1	1688756	3
NC_091548.1	1688757	3
NC_091548.1	1688758	3
NC_091548.1	1688759	3
NC_091548.1	1688760	3
NC_091548.1	1688761	3
NC_091548.1	1688762	3
NC_091548.1	1688763	3
NC_091548.1	1688764	3
NC_091548.1	1688765	3
NC_091548.1	1688766	3
NC_091548.1	1688767	3
NC_091548.1	1688768	3
NC_091548.1	1688769	3
NC_091548.1	1688770	3
NC_091548.1	1688771	3
NC_091548.1	1688772	3
NC_091548.1	1688773	3
NC_091548.1	1688774	3
NC_091548.1	1688775	3
NC_091548.1	1688776	3
NC_091548.1	1688777	3
NC_091548.1	1688778	3
NC_091548.1	1688779	3
NC_091548.1	1688780	3
NC_091548.1	1688781	3
NC_091548.1	1688782	3
NC_091548.1	1688783	3
NC_091548.1	1688784	3
NC_091548.1	1688785	3
NC_091548.1	1688786	3
NC_091548.1	1688787	3
NC_091548.1	1688788	3
NC_091548.1	1688789	3
NC_091548.1	1688790	3
NC_091548.1	1688791	3
NC_091548.1	1688792	3
NC_091548.1	1688793	3
NC_091548.1	1688794	3
NC_091548.1	1688795	3
NC_091548.1	1688796	3
NC_091548.1	1688797	3
NC_091548.1	1688798	3
NC_091548.1	1688799	3
NC_091548.1	1688800	3
NC_091548.1	1688801	3
NC_091548.1	1688802	3
NC_091548.1	1688803	3
NC_091548.1	1688804	3
NC_091548.1	1688805	3
NC_091548.1	1688806	3
NC_091548.1	1688807	3
NC_091548.1	1688808	3
NC_091548.1	1688809	3
NC_091548.1	1688810	3
NC_091548.1	1688811	3
NC_091548.1	1688812	3
NC_091548.1	1688813	3
NC_091548.1	1688814	3
NC_091548.1	1688815	3
NC_091548.1	1688816	3
NC_091548.1	1688817	3
NC_091548.1	1688818	3
NC_091548.1	1688819	3
NC_091548.1	1688820	3
NC_091548.1	1688821	3
NC_091548.1	1688822	3
NC_091548.1	1688823	3
NC_091548.1	1688824	3
NC_091548.1	1688825	3
NC_091548.1	1688826	3
NC_091548.1	1688827	3
NC_091548.1	1688828	3
NC_091548.1	1688829	3
NC_091548.1	1688830	3
NC_091548.1	1688831	3
NC_091548.1	1688832	3
NC_091548.1	1688833	3
NC_091548.1	1688834	3
NC_091548.1	1688835	3
NC_091548.1	1688836	3
NC_091548.1	1688837	3
NC_091548.1	1688838	3
NC_091548.1	1688839	3
NC_091548.1	1688840	3
NC_091548.1	1688841	3
NC_091548.1	1688842	3
NC_091548.1	1688843	3
NC_091548.1	1688844	3
NC_091548.1	1688845	3
NC_091548.1	1688846	3
NC_091548.1	1688847	3
NC_091548.1	1688848	3
NC_091548.1	1688849	3
NC_091548.1	1688850	3
NC_091548.1	1688851	3
NC_091548.1	1688852	3
NC_091548.1	1688853	3
NC_091548.1	1688854	3
NC_091548.1	1688855	3
NC_091548.1	1688856	3
NC_091548.1	1688857	3
NC_091548.1	1688858	3
NC_091548.1	1688859	3
NC_091548.1	1688860	3
NC_091548.1	1688861	3
NC_091548.1	1688862	3
NC_091548.1	1688863	3
NC_091548.1	1688864	3
NC_091548.1	1688865	3
NC_091548.1	1688866	3
NC_091548.1	1688867	3
NC_091548.1	1688868	3
NC_091548.1	1688869	3
NC_091548.1	1688870	3
NC_091548.1	1688871	3
NC_091548.1	1688872	3
NC_091548.1	1688873	3
NC_091548.1	1688874	3
NC_091548.1	1688875	3
NC_091548.1	1688876	3
NC_091548.1	1688877	3
NC_091548.1	1688878	3
NC_091548.1	1688879	3
NC_091548.1	1688880	3
NC_091548.1	1693591	3
NC_091548.1	1693592	3
NC_091548.1	1693593	3
NC_091548.1	1693594	3
NC_091548.1	1693595	3
NC_091548.1	1693596	3
NC_091548.1	1693597	3
NC_091548.1	1693598	3
NC_091548.1	1693599	3
NC_091548.1	1693600	3
NC_091548.1	1693601	3
NC_091548.1	1693602	3
NC_091548.1	1693603	3
NC_091548.1	1693604	3
NC_091548.1	1693605	3
NC_091548.1	1693606	3
NC_091548.1	1693607	3
NC_091548.1	1693608	3
NC_091548.1	1693609	3
NC_091548.1	1693610	3
NC_091548.1	1693611	3
NC_091548.1	1693612	3
NC_091548.1	1693613	3
NC_091548.1	1693614	3
NC_091548.1	1693615	3
NC_091548.1	1693616	3
NC_091548.1	1693617	3
NC_091548.1	1693618	3
NC_091548.1	1693619	3
NC_091548.1	1693620	3
NC_091548.1	1693621	3
NC_091548.1	1693622	3
NC_091548.1	1693623	3
NC_091548.1	1693624	3
NC_091548.1	1693625	3
NC_091548.1	1693626	3
NC_091548.1	1693627	3
NC_091548.1	1693628	3
NC_091548.1	1693629	3
NC_091548.1	1693630	3
NC_091548.1	1693631	3
NC_091548.1	1693632	3
NC_091548.1	1693633	3
NC_091548.1	1693634	3
NC_091548.1	1693635	3
NC_091548.1	1693636	3
NC_091548.1	1693637	3
NC_091548.1	1693638	3
NC_091548.1	1693639	3
NC_091548.1	1693640	3
NC_091548.1	1693641	3
NC_091548.1	1693642	3
NC_091548.1	1693643	3
NC_091548.1	1693644	3
NC_091548.1	1693645	3
NC_091548.1	1693646	3
NC_091548.1	1693647	3
NC_091548.1	1693648	3
NC_091548.1	1693649	3
NC_091548.1	1693650	3
NC_091548.1	1693651	3
NC_091548.1	1693652	3
NC_091548.1	1693653	3
NC_091548.1	1693654	3
NC_091548.1	1693655	3
NC_091548.1	1693656	3
NC_091548.1	1693657	3
NC_091548.1	1693658	3
NC_091548.1	1693659	3
NC_091548.1	1693660	3
NC_091548.1	1693661	3
NC_091548.1	1693662	3
NC_091548.1	1693663	3
NC_091548.1	1693664	3
NC_091548.1	1693665	3
NC_091548.1	1693666	3
NC_091548.1	1693667	3
NC_091548.1	1693668	3
NC_091548.1	1693669	3
NC_091548.1	1693670	3
NC_091548.1	1693671	3
NC_091548.1	1693672	3
NC_091548.1	1693673	3
NC_091548.1	1693674	3
NC_091548.1	1693675	3
NC_091548.1	1693676	3
NC_091548.1	1693677	3
NC_091548.1	1693678	3
NC_091548.1	1693679	3
NC_091548.1	1693680	3
NC_091548.1	1693681	3
NC_091548.1	1693682	3
NC_091548.1	1693683	3
NC_091548.1	1693684	3
NC_091548.1	1693685	3
NC_091548.1	1693686	3
NC_091548.1	1693687	3
NC_091548.1	1693688	3
NC_091548.1	1693689	3
NC_091548.1	1693690	3
NC_091548.1	1693691	3
NC_091548.1	1693692	3
NC_091548.1	1697835	3
NC_091548.1	1697836	3
NC_091548.1	1697837	3
NC_091548.1	1697838	3
NC_091548.1	1697839	3
NC_091548.1	1697840	3
NC_091548.1	1697841	3
NC_091548.1	1697842	3
NC_091548.1	1697843	3
NC_091548.1	1697844	3
NC_091548.1	1697845	3
NC_091548.1	1697846	3
NC_091548.1	1697847	3
NC_091548.1	1697848	3
NC_091548.1	1697849	3
NC_091548.1	1697850	3
NC_091548.1	1697851	3
NC_091548.1	1697852	3
NC_091548.1	1697853	3
NC_091548.1	1697854	3
NC_091548.1	1697855	3
NC_091548.1	1697856	3
NC_091548.1	1697857	3
NC_091548.1	1697858	3
NC_091548.1	1697859	3
NC_091548.1	1697860	3
NC_091548.1	1697861	3
NC_091548.1	1697862	3
NC_091548.1	1697863	3
NC_091548.1	1697864	3
NC_091548.1	1697865	3
NC_091548.1	1697866	3
NC_091548.1	1697867	3
NC_091548.1	1697868	3
NC_091548.1	1697869	3
NC_091548.1	1697870	3
NC_091548.1	1697871	3
NC_091548.1	1697872	3
NC_091548.1	1697873	3
NC_091548.1	1697874	3
NC_091548.1	1697875	3
NC_091548.1	1697876	3
NC_091548.1	1697877	3
NC_091548.1	1697878	3
NC_091548.1	1697879	3
NC_091548.1	1697880	3
NC_091548.1	1697881	3
NC_091548.1	1697882	3
NC_091548.1	1697883	3
NC_091548.1	1697884	3
NC_091548.1	1697885	3
NC_091548.1	1697886	3
NC_091548.1	1697887	3
NC_091548.1	1697888	3
NC_091548.1	1697889	3
NC_091548.1	1697890	3
NC_091548.1	1697891	3
NC_091548.1	1697892	3
NC_091548.1	1697893	3
NC_091548.1	1697894	3
NC_091548.1	1697895	3
NC_091548.1	1697896	3
NC_091548.1	1697897	3
NC_091548.1	1697898	3
NC_091548.1	1697899	3
NC_091548.1	1697900	3
NC_091548.1	1697901	3
NC_091548.1	1697902	3
NC_091548.1	1697903	3
NC_091548.1	1697904	3
NC_091548.1	1697905	3
NC_091548.1	1697906	3
NC_091548.1	1697907	3
NC_091548.1	1697908	3
NC_091548.1	1697909	3
NC_091548.1	1697910	3
NC_091548.1	1697911	3
NC_091548.1	1697912	3
NC_091548.1	1697913	3
NC_091548.1	1697914	3
NC_091548.1	1697915	3
NC_091548.1	1697916	3
NC_091548.1	1697917	3
NC_091548.1	1697918	3
NC_091548.1	1697919	3
NC_091548.1	1697920	3
NC_091548.1	1697921	3
NC_091548.1	1697922	3
NC_091548.1	1697923	3
NC_091548.1	1697924	3
NC_091548.1	1697925	3
NC_091548.1	1697926	3
NC_091548.1	1697927	3
NC_091548.1	1697928	3
NC_091548.1	1697929	3
NC_091548.1	1697930	3
NC_091548.1	1697931	3
NC_091548.1	1697932	3
NC_091548.1	1697933	3
NC_091548.1	1697934	3
NC_091548.1	1697935	3
NC_091548.1	1697936	3
NC_091548.1	1697937	3
NC_091548.1	1697938	3
NC_091548.1	1697939	3
NC_091548.1	1697940	3
NC_091548.1	1697941	3
NC_091548.1	1697942	3
NC_091548.1	1697943	3
NC_091548.1	1697944	3
NC_091548.1	1697945	3
NC_091548.1	1697946	3
NC_091548.1	1697947	3
NC_091548.1	1697948	3
NC_091548.1	1697949	3
NC_091548.1	1697950	3
NC_091548.1	1697951	3
NC_091548.1	1697952	3
NC_091548.1	1697953	3
NC_091548.1	1697954	3
NC_091548.1	1697955	3
NC_091548.1	1697956	3
NC_091548.1	1697957	3
NC_091548.1	1697958	3
NC_091548.1	1697959	3
NC_091548.1	1697960	3
NC_091548.1	1697961	3
NC_091548.1	1697962	3
NC_091548.1	1697963	3
NC_091548.1	1697964	3
NC_091548.1	1697965	3
NC_091548.1	1697966	3
NC_091548.1	1697967	3
NC_091548.1	1697968	3
NC_091548.1	1697969	3
NC_091548.1	1697970	3
NC_091548.1	1697971	3
NC_091548.1	1697972	3
NC_091548.1	1697973	3
NC_091548.1	1697975	3
NC_091548.1	1697976	3
NC_091548.1	1697977	3
NC_091548.1	1697978	3
NC_091548.1	1697979	3
NC_091548.1	1697980	3
NC_091548.1	1697981	3
NC_091548.1	1697982	3
NC_091548.1	1697983	3
NC_091548.1	1697984	3
NC_091548.1	1697985	3
NC_091548.1	1697986	3
NC_091548.1	1697987	3
NC_091548.1	1697988	3
NC_091548.1	1697989	3
NC_091548.1	1697990	3
NC_091548.1	1697991	3
NC_091548.1	1697992	3
NC_091548.1	1697993	3
NC_091548.1	1697994	3
NC_091548.1	1697995	3
NC_091548.1	1697996	3
NC_091548.1	1697997	3
NC_091548.1	1697998	3
NC_091548.1	1697999	3
NC_091548.1	1698000	3
NC_091548.1	1698001	3
NC_091548.1	1698002	3
NC_091548.1	1698003	3
NC_091548.1	1698004	3
NC_091548.1	1698005	3
NC_091548.1	1698006	3
NC_091548.1	1698007	3
NC_091548.1	1698008	3
NC_091548.1	1698009	3
NC_091548.1	1698010	3
NC_091548.1	1698011	3
NC_091548.1	1698012	3
NC_091548.1	1698013	3
NC_091548.1	1698014	3
NC_091548.1	1698015	3
NC_091548.1	1698016	3
NC_091548.1	1698017	3
NC_091548.1	1698018	3
NC_091548.1	1698019	3
NC_091548.1	1698020	3
NC_091548.1	1698021	3
NC_091548.1	1698022	3
NC_091548.1	1698023	3
NC_091548.1	1698024	3
NC_091548.1	1698025	3
NC_091548.1	1698026	3
NC_091548.1	1698027	3
NC_091548.1	1698028	3
NC_091548.1	1698029	3
NC_091548.1	1698030	3
NC_091548.1	1698031	3
NC_091548.1	1698032	3
NC_091548.1	1698033	3
NC_091548.1	1698034	3
NC_091548.1	1698035	3
NC_091548.1	1698036	3
NC_091548.1	1698037	3
NC_091548.1	1698038	3
NC_091548.1	1698039	3
NC_091548.1	1698040	3
NC_091548.1	1698041	3
NC_091548.1	1698042	3
NC_091548.1	1698043	3
NC_091548.1	1698044	3
NC_091548.1	1698045	3
NC_091548.1	1698046	3
NC_091548.1	1698047	3
NC_091548.1	1698048	3
NC_091548.1	1698049	3
NC_091548.1	1698050	3
NC_091548.1	1698051	3
NC_091548.1	1698052	3
NC_091548.1	1698053	3
NC_091548.1	1698054	3
NC_091548.1	1698055	3
NC_091548.1	1698056	3
NC_091548.1	1698057	3
NC_091548.1	1698058	3
NC_091548.1	1698059	3
NC_091548.1	1698060	3
NC_091548.1	1698061	3
NC_091548.1	1698062	3
NC_091548.1	1698063	3
NC_091548.1	1698064	3
NC_091548.1	1698065	3
NC_091548.1	1698066	3
NC_091548.1	1698067	3
NC_091548.1	1698068	3
NC_091548.1	1698069	3
NC_091548.1	1698070	3
NC_091548.1	1698071	3
NC_091548.1	1698072	3
NC_091548.1	1698073	3
NC_091548.1	1698074	3
NC_091548.1	1698075	3
NC_091548.1	1698076	3
NC_091548.1	1698077	3
NC_091548.1	1698078	3
NC_091548.1	1698079	3
NC_091548.1	1698080	3
NC_091548.1	1698082	3
NC_091548.1	1698083	3
NC_091548.1	1698084	3
NC_091548.1	1698085	3
NC_091548.1	1698086	3
NC_091548.1	1698087	3
NC_091548.1	1698088	3
NC_091548.1	1698089	3
NC_091548.1	1698090	3
NC_091548.1	1698091	3
NC_091548.1	1698092	3
NC_091548.1	1698093	3
NC_091548.1	1698094	3
NC_091548.1	1698095	3
NC_091548.1	1698096	3
NC_091548.1	1698097	3
NC_091548.1	1698098	3
NC_091548.1	1698099	3
NC_091548.1	1698100	3
NC_091548.1	1698101	3
NC_091548.1	1698102	3
NC_091548.1	1698103	3
NC_091548.1	1698104	3
NC_091548.1	1698105	3
NC_091548.1	1698106	3
NC_091548.1	1698107	3
NC_091548.1	1698108	3
NC_091548.1	1698109	3
NC_091548.1	1698110	3
NC_091548.1	1698111	3
NC_091548.1	1698112	3
NC_091548.1	1698113	3
NC_091548.1	1698114	3
NC_091548.1	1698115	3
NC_091548.1	1698116	3
NC_091548.1	1698117	3
NC_091548.1	1698118	3
NC_091548.1	1698119	3
NC_091548.1	1698120	3
NC_091548.1	1698121	3
NC_091548.1	1698122	3
NC_091548.1	1698123	3
NC_091548.1	1698124	3
NC_091548.1	1698125	3
NC_091548.1	1698126	3
NC_091548.1	1698127	3
NC_091548.1	1698128	3
NC_091548.1	1698129	3
NC_091548.1	1698130	3
NC_091548.1	1698131	3
NC_091548.1	1698132	3
NC_091548.1	1698133	3
NC_091548.1	1698134	3
NC_091548.1	1698135	3
NC_091548.1	1698136	3
NC_091548.1	1698137	3
NC_091548.1	1698138	3
NC_091548.1	1698139	3
NC_091548.1	1698140	3
NC_091548.1	1698141	3
NC_091548.1	1698142	3
NC_091548.1	1698143	3
NC_091548.1	1698144	3
NC_091548.1	1698145	3
NC_091548.1	1698146	3
NC_091548.1	1698147	3
NC_091548.1	1698148	3
NC_091548.1	1698149	3
NC_091548.1	1698150	3
NC_091548.1	1698151	3
NC_091548.1	1698152	3
NC_091548.1	1698153	3
NC_091548.1	1698154	3
NC_091548.1	1698155	3
NC_091548.1	1698156	3
NC_091548.1	1698157	3
NC_091548.1	1698158	3
NC_091548.1	1698159	3
NC_091548.1	1698160	3
NC_091548.1	1698161	3
NC_091548.1	1698162	3
NC_091548.1	1698163	3
NC_091548.1	1698164	3
NC_091548.1	1698165	3
NC_091548.1	1698166	3
NC_091548.1	1698167	3
NC_091548.1	1698168	3
NC_091548.1	1698169	3
NC_091548.1	1698170	3
NC_091548.1	1698171	3
NC_091548.1	1698172	3
NC_091548.1	1698173	3
NC_091548.1	1698174	3
NC_091548.1	1698175	3
NC_091548.1	1698176	3
NC_091548.1	1698177	3
NC_091548.1	1698178	3
NC_091548.1	1698179	3
NC_091548.1	1698180	3
NC_091548.1	1698181	3
NC_091548.1	1698182	3
NC_091548.1	1698183	3
NC_091548.1	1698184	3
NC_091548.1	1698185	3
NC_091548.1	1698186	3
NC_091548.1	1698187	3
NC_091548.1	1698188	3
NC_091548.1	1698189	3
NC_091548.1	1698190	3
NC_091548.1	1698191	3
NC_091548.1	1698192	3
NC_091548.1	1698193	3
NC_091548.1	1698194	3
NC_091548.1	1698195	3
NC_091548.1	1698196	3
NC_091548.1	1698197	3
NC_091548.1	1698198	3
NC_091548.1	1698199	3
NC_091548.1	1698200	3
NC_091548.1	1698201	3
NC_091548.1	1698202	3
NC_091548.1	1698203	3
NC_091548.1	1698204	3
NC_091548.1	1698205	3
NC_091548.1	1698206	3
NC_091548.1	1698207	3
NC_091548.1	1698208	3
NC_091548.1	1698209	3
NC_091548.1	1698210	3
NC_091548.1	1698211	3
NC_091548.1	1698212	3
NC_091548.1	1698213	3
NC_091548.1	1698214	3
NC_091548.1	1698215	3
NC_091548.1	1698216	3
NC_091548.1	1698217	3
NC_091548.1	1698218	3
NC_091548.1	1698219	3
NC_091548.1	1698220	3
NC_091548.1	1698221	3
NC_091548.1	1698222	3
NC_091548.1	1698223	3
NC_091548.1	1698224	3
NC_091548.1	1698225	3
NC_091548.1	1698226	3
NC_091548.1	1698227	3
NC_091548.1	1698228	3
NC_091548.1	1698229	3
NC_091548.1	1698230	3
NC_091548.1	1698231	3
NC_091548.1	1698232	3
NC_091548.1	1698233	3
NC_091548.1	1698234	3
NC_091548.1	1698235	3
NC_091548.1	1698236	3
NC_091548.1	1698237	3
NC_091548.1	1698238	3
NC_091548.1	1698239	3
NC_091548.1	1698240	3
NC_091548.1	1698241	3
NC_091548.1	1698242	3
NC_091548.1	1698243	3
NC_091548.1	1698244	3
NC_091548.1	1698245	3
NC_091548.1	1698246	3
NC_091548.1	1698247	3
NC_091548.1	1698248	3
NC_091548.1	1698249	3
NC_091548.1	1698250	3
NC_091548.1	1698251	3
NC_091548.1	1698252	3
NC_091548.1	1698253	3
NC_091548.1	1698254	3
NC_091548.1	1698255	3
NC_091548.1	1698256	3
NC_091548.1	1698257	3
NC_091548.1	1698258	3
NC_091548.1	1698259	3
NC_091548.1	1698260	3
NC_091548.1	1698261	3
NC_091548.1	1698262	3
NC_091548.1	1698263	3
NC_091548.1	1698264	3
NC_091548.1	1698265	3
NC_091548.1	1698266	3
NC_091548.1	1698267	3
NC_091548.1	1698268	3
NC_091548.1	1698269	3
NC_091548.1	1698270	3
NC_091548.1	1698271	3
NC_091548.1	1698272	3
NC_091548.1	1698273	3
NC_091548.1	1698274	3
NC_091548.1	1698275	3
NC_091548.1	1698276	3
NC_091548.1	1698277	3
NC_091548.1	1698278	3
NC_091548.1	1698279	3
NC_091548.1	1698280	3
NC_091548.1	1698281	3
NC_091548.1	1698282	3
NC_091548.1	1698283	3
NC_091548.1	1698284	3
NC_091548.1	1698285	3
NC_091548.1	1698286	3
NC_091548.1	1698287	3
NC_091548.1	1698288	3
NC_091548.1	1698289	3
NC_091548.1	1698290	3
NC_091548.1	1698291	3
NC_091548.1	1698292	3
NC_091548.1	1698293	3
NC_091548.1	1698294	3
NC_091548.1	1698295	3
NC_091548.1	1698296	3
NC_091548.1	1698297	3
NC_091548.1	1698298	3
NC_091548.1	1698299	3
NC_091548.1	1698300	3
NC_091548.1	1698301	3
NC_091548.1	1698302	3
NC_091548.1	1698303	3
NC_091548.1	1698304	3
NC_091548.1	1698305	3
NC_091548.1	1698306	3
NC_091548.1	1698307	3
NC_091548.1	1698308	3
NC_091548.1	1698309	3
NC_091548.1	1698310	3
NC_091548.1	1698311	3
NC_091548.1	1698312	3
NC_091548.1	1698313	3
NC_091548.1	1698314	3
NC_091548.1	1698315	3
NC_091548.1	1698316	3
NC_091548.1	1698317	3
NC_091548.1	1698318	3
NC_091548.1	1698319	3
NC_091548.1	1698320	3
NC_091548.1	1698321	3
NC_091548.1	1698322	3
NC_091548.1	1698323	3
NC_091548.1	1698324	3
NC_091548.1	1698325	3
NC_091548.1	1698326	3
NC_091548.1	1698327	3
NC_091548.1	1698328	3
NC_091548.1	1698329	3
NC_091548.1	1698330	3
NC_091548.1	1698331	3
NC_091548.1	1698332	3
NC_091548.1	1698333	3
NC_091548.1	1698334	3
NC_091548.1	1698335	3
NC_091548.1	1698336	3
NC_091548.1	1698337	3
NC_091548.1	1698338	3
NC_091548.1	1698339	3
NC_091548.1	1698340	3
NC_091548.1	1698341	3
NC_091548.1	1698342	3
NC_091548.1	1698343	3
NC_091548.1	1698344	3
NC_091548.1	1698345	3
NC_091548.1	1698346	3
NC_091548.1	1698347	3
NC_091548.1	1698348	3
NC_091548.1	1698349	3
NC_091548.1	1698350	3
NC_091548.1	1698351	3
NC_091548.1	1698352	3
NC_091548.1	1698353	3
NC_091548.1	1698354	3
NC_091548.1	1698355	3
NC_091548.1	1698356	3
NC_091548.1	1698357	3
NC_091548.1	1698358	3
NC_091548.1	1698359	3
NC_091548.1	1698360	3
NC_091548.1	1698361	3
NC_091548.1	1698362	3
NC_091548.1	1698363	3
NC_091548.1	1698364	3
NC_091548.1	1698365	3
NC_091548.1	1698366	3
NC_091548.1	1698367	3
NC_091548.1	1698368	3
NC_091548.1	1698369	3
NC_091548.1	1698370	3
NC_091548.1	1698371	3
NC_091548.1	1698372	3
NC_091548.1	1698373	3
NC_091548.1	1698374	3
NC_091548.1	1698375	3
NC_091548.1	1698376	3
NC_091548.1	1698377	3
NC_091548.1	1698378	3
NC_091548.1	1698379	3
NC_091548.1	1698380	3
NC_091548.1	1698381	3
NC_091548.1	1698382	3
NC_091548.1	1698383	3
NC_091548.1	1698384	3
NC_091548.1	1698385	3
NC_091548.1	1698386	3
NC_091548.1	1698387	3
NC_091548.1	1698388	3
NC_091548.1	1698389	3
NC_091548.1	1698390	3
NC_091548.1	1698391	3
NC_091548.1	1698392	3
NC_091548.1	1698393	3
NC_091548.1	1698394	3
NC_091548.1	1698395	3
NC_091548.1	1698396	3
NC_091548.1	1698397	3
NC_091548.1	1698398	3
NC_091548.1	1698399	3
NC_091548.1	1698400	3
NC_091548.1	1698401	3
NC_091548.1	1698402	3
NC_091548.1	1698403	3
NC_091548.1	1698404	3
NC_091548.1	1698405	3
NC_091548.1	1698406	3
NC_091548.1	1698407	3
NC_091548.1	1698408	3
NC_091548.1	1698409	3
NC_091548.1	1698410	3
NC_091548.1	1698411	3
NC_091548.1	1698412	3
NC_091548.1	1698413	3
NC_091548.1	1698414	3
NC_091548.1	1698416	3
NC_091548.1	1698417	3
NC_091548.1	1698418	3
NC_091548.1	1698419	3
NC_091548.1	1698420	3
NC_091548.1	1698421	3
NC_091548.1	1698422	3
NC_091548.1	1698423	3
NC_091548.1	1698424	3
NC_091548.1	1698426	3
NC_091548.1	1698427	3
NC_091548.1	1698428	3
NC_091548.1	1698429	3
NC_091548.1	1698430	3
NC_091548.1	1698431	3
NC_091548.1	1698432	3
NC_091548.1	1698433	3
NC_091548.1	1698434	3
NC_091548.1	1698435	3
NC_091548.1	1698436	3
NC_091548.1	1698437	3
NC_091548.1	1698438	3
NC_091548.1	1698439	3
NC_091548.1	1698440	3
NC_091548.1	1698441	3
NC_091548.1	1698442	3
NC_091548.1	1698443	3
NC_091548.1	1698444	3
NC_091548.1	1698445	3
NC_091548.1	1698446	3
NC_091548.1	1698448	3
NC_091548.1	1698449	3
NC_091548.1	1698450	3
NC_091548.1	1698451	3
NC_091548.1	1698452	3
NC_091548.1	1698453	3
NC_091548.1	1698454	3
NC_091548.1	1698455	3
NC_091548.1	1698456	3
NC_091548.1	1698457	3
NC_091548.1	1698458	3
NC_091548.1	1698459	3
NC_091548.1	1698460	3
NC_091548.1	1698461	3
NC_091548.1	1698462	3
NC_091548.1	1698463	3
NC_091548.1	1698464	3
NC_091548.1	1698465	3
NC_091548.1	1698466	3
NC_091548.1	1698467	3
NC_091548.1	1698468	3
NC_091548.1	1698469	3
NC_091548.1	1698470	3
NC_091548.1	1698471	3
NC_091548.1	1698472	3
NC_091548.1	1698473	3
NC_091548.1	1698474	3
NC_091548.1	1698475	3
NC_091548.1	1698476	3
NC_091548.1	1698477	3
NC_091548.1	1698478	3
NC_091548.1	1698479	3
NC_091548.1	1698480	3
NC_091548.1	1698481	3
NC_091548.1	1698482	3
NC_091548.1	1698483	3
NC_091548.1	1698484	3
NC_091548.1	1698485	3
NC_091548.1	1698486	3
NC_091548.1	1698487	3
NC_091548.1	1698488	3
NC_091548.1	1698489	3
NC_091548.1	1698490	3
NC_091548.1	1698491	3
NC_091548.1	1698492	3
NC_091548.1	1698493	3
NC_091548.1	1698494	3
NC_091548.1	1698495	3
NC_091548.1	1698496	3
NC_091548.1	1698497	3
NC_091548.1	1698498	3
NC_091548.1	1698499	3
NC_091548.1	1698500	3
NC_091548.1	1698501	3
NC_091548.1	1698502	3
NC_091548.1	1698503	3
NC_091548.1	1698504	3
NC_091548.1	1698505	3
NC_091548.1	1698506	3
NC_091548.1	1698507	3
NC_091548.1	1698508	3
NC_091548.1	1698509	3
NC_091548.1	1698510	3
NC_091548.1	1698511	3
NC_091548.1	1698512	3
NC_091548.1	1698513	3
NC_091548.1	1698514	3
NC_091548.1	1698515	3
NC_091548.1	1698516	3
NC_091548.1	1698517	3
NC_091548.1	1698518	3
NC_091548.1	1698519	3
NC_091548.1	1698520	3
NC_091548.1	1698521	3
NC_091548.1	1698522	3
NC_091548.1	1698523	3
NC_091548.1	1698524	3
NC_091548.1	1698525	3
NC_091548.1	1698526	3
NC_091548.1	1698527	3
NC_091548.1	1698528	3
NC_091548.1	1698529	3
NC_091548.1	1698530	3
NC_091548.1	1698531	3
NC_091548.1	1698532	3
NC_091548.1	1698533	3
NC_091548.1	1698534	3
NC_091548.1	1698535	3
NC_091548.1	1698536	3
NC_091548.1	1698537	3
NC_091548.1	1698538	3
NC_091548.1	1698539	3
NC_091548.1	1698540	3
NC_091548.1	1698541	3
NC_091548.1	1698542	3
NC_091548.1	1698543	3
NC_091548.1	1698544	3
NC_091548.1	1698545	3
NC_091548.1	1698546	3
NC_091548.1	1698547	3
NC_091548.1	1698548	3
NC_091548.1	1698549	3
NC_091548.1	1698550	3
NC_091548.1	1698551	3
NC_091548.1	1698552	3
NC_091548.1	1698553	3
NC_091548.1	1698554	3
NC_091548.1	1698555	3
NC_091548.1	1698556	3
NC_091548.1	1698557	3
NC_091548.1	1698558	3
NC_091548.1	1698559	3
NC_091548.1	1698560	3
NC_091548.1	1698561	3
NC_091548.1	1698562	3
NC_091548.1	1698563	3
NC_091548.1	1698564	3
NC_091548.1	1698565	3
NC_091548.1	1698566	3
NC_091548.1	1698567	3
NC_091548.1	1698568	3
NC_091548.1	1698569	3
NC_091548.1	1698570	3
NC_091548.1	1698571	3
NC_091548.1	1698572	3
NC_091548.1	1698573	3
NC_091548.1	1698574	3
NC_091548.1	1698575	3
NC_091548.1	1698576	3
NC_091548.1	1698577	3
NC_091548.1	1698578	3
NC_091548.1	1698579	3
NC_091548.1	1698580	3
NC_091548.1	1698581	3
NC_091548.1	1698582	3
NC_091548.1	1698583	3
NC_091548.1	1698584	3
NC_091548.1	1698585	3
NC_091548.1	1698586	3
NC_091548.1	1698587	3
NC_091548.1	1698588	3
NC_091548.1	1698589	3
NC_091548.1	1698590	3
NC_091548.1	1698591	3
NC_091548.1	1698592	3
NC_091548.1	1698593	3
NC_091548.1	1698594	3
NC_091548.1	1698595	3
NC_091548.1	1698596	3
NC_091548.1	1698597	3
NC_091548.1	1698598	3
NC_091548.1	1698599	3
NC_091548.1	1698600	3
NC_091548.1	1698601	3
NC_091548.1	1698602	3
NC_091548.1	1698603	3
NC_091548.1	1698604	3
NC_091548.1	1698605	3
NC_091548.1	1698606	3
NC_091548.1	1698607	3
NC_091548.1	1698608	3
NC_091548.1	1698609	3
NC_091548.1	1698610	3
NC_091548.1	1698611	3
NC_091548.1	1698612	3
NC_091548.1	1698613	3
NC_091548.1	1698614	3
NC_091548.1	1698615	3
NC_091548.1	1698616	3
NC_091548.1	1698617	3
NC_091548.1	1698618	3
NC_091548.1	1698619	3
NC_091548.1	1698620	3
NC_091548.1	1698621	3
NC_091548.1	1698622	3
NC_091548.1	1698623	3
NC_091548.1	1698624	3
NC_091548.1	1698625	3
NC_091548.1	1698626	3
NC_091548.1	1698627	3
NC_091548.1	1698628	3
NC_091548.1	1698629	3
NC_091548.1	1698630	3
NC_091548.1	1698631	3
NC_091548.1	1698632	3
NC_091548.1	1698633	3
NC_091548.1	1698634	3
NC_091548.1	1698635	3
NC_091548.1	1698636	3
NC_091548.1	1698637	3
NC_091548.1	1698638	3
NC_091548.1	1698639	3
NC_091548.1	1698640	3
NC_091548.1	1698641	3
NC_091548.1	1698642	3
NC_091548.1	1698643	3
NC_091548.1	1698644	3
NC_091548.1	1698645	3
NC_091548.1	1698646	3
NC_091548.1	1698647	3
NC_091548.1	1698648	3
NC_091548.1	1698649	3
NC_091548.1	1698650	3
NC_091548.1	1698651	3
NC_091548.1	1698652	3
NC_091548.1	1698653	3
NC_091548.1	1698654	3
NC_091548.1	1698655	3
NC_091548.1	1698656	3
NC_091548.1	1698657	3
NC_091548.1	1698658	3
NC_091548.1	1698659	3
NC_091548.1	1698660	3
NC_091548.1	1698661	3
NC_091548.1	1698662	3
NC_091548.1	1698663	3
NC_091548.1	1698664	3
NC_091548.1	1698665	3
NC_091548.1	1698666	3
NC_091548.1	1698667	3
NC_091548.1	1698668	3
NC_091548.1	1698669	3
NC_091548.1	1698670	3
NC_091548.1	1698671	3
NC_091548.1	1698672	3
NC_091548.1	1698673	3
NC_091548.1	1698674	3
NC_091548.1	1698675	3
NC_091548.1	1698676	3
NC_091548.1	1698677	3
NC_091548.1	1698678	3
NC_091548.1	1698679	3
NC_091548.1	1698680	3
NC_091548.1	1698681	3
NC_091548.1	1698682	3
NC_091548.1	1698683	3
NC_091548.1	1698684	3
NC_091548.1	1698685	3
NC_091548.1	1698686	3
NC_091548.1	1698687	3
NC_091548.1	1698688	3
NC_091548.1	1698689	3
